,Box office
0,21400000.0
1,2700000.0
2,57700000.0
3,7331647.0
4,6939946.0
5,153500000.0
6,53200000.0
7,15700000.0
8,246100000.0
9,12626043.0
10,19740070.0
11,138700000.0
12,1292323.0
13,15600000.0
14,27600000.0
15,5000000.0
16,35800000.0
17,2400000.0
18,947306.0
19,6000000.0
20,8300000.000000001
21,1373728.0
22,424200000.0
23,48800000.0
24,157900000.0
25,2200000.0
26,6698361.0
27,2700000.0
28,162700000.0
29,240200000.0
30,2346150.0
31,2000000.0
32,18100000.0
33,86000000.0
34,25000000.0
35,1372350.0
36,44000000.0
37,14760451.0
38,22424195.0
39,61500000.0
40,1823154.0
41,1305887.0
42,335000.0
43,21460601.0
44,8100000.0
45,505700000.0
46,25000000.0
47,136800000.0
48,47100000.0
49,4600000.0
50,29900000.0
51,41500000.0
52,13446769.0
53,17000000.0
54,4960385.0
55,59000000.0
56,9243140.0
57,4134992.0
58,23500000.0
59,476700000.0
60,1293976.0
61,26400000.0
62,200500000.0
63,16200000.0
64,27700000.0
65,26100000.0
66,20300000.0
67,39400000.0
68,202000000.0
69,2500000.0
70,5700000.0
71,24300000.0
72,47800000.0
73,5585154.0
74,14000000.0
75,1400000.0
76,21000000.0
77,92706.0
78,58000000.0
79,27000000.0
80,16247964.0
81,6000000.0
82,35400000.0
83,2900000.0
84,9900000.0
85,5000000.0
86,61300000.0
87,16153600.0
88,4011793.0
89,15379253.0
90,7698010.0
91,23600000.0
92,10900000.0
93,25100000.0
94,17400000.0
95,5800000.0
96,16000000.0
97,1700000.0
98,11359129.0
99,55000000.0
100,3779620.0
101,3331.0
102,39100000.0
103,57100000.0
104,221300000.0
105,463400000.0
106,72200000.0
107,11500000.0
108,11207891.0
109,15300000.0
110,1400000.0
111,47400000.0
112,15535771.0
113,15400000.0
114,45700000.0
115,1300000.0
116,119900000.0
117,21600000.0
118,739104.0
119,3417056.0
120,4010647.0
121,152982.0
122,458996.0
123,17854930.0
124,450000.0
125,1200000.0
126,43982.0
127,15400000.0
128,52310.0
129,5800000.0
130,1911542.0
131,20240128.0
132,20000000.0
133,16300000.0
134,202000000.0
135,2300000.0
136,71600000.0
137,1161135.0
138,261300000.0
139,16700000.0
140,1794001.0
141,10000000.0
142,3989000.0
143,1106475.0
144,2000000.0
145,17487531.0
146,83882.0
147,14600000.0
148,15300000.0
149,59000000.0
150,2120564.0
151,191500000.0
152,14812144.0
153,40800000.0
154,2865916.0
155,1342903.0
156,152400000.0
157,6200000.0
158,440100000.0
159,38000000.0
160,15500000.0
161,8667684.0
162,9200000.0
163,57500000.0
164,49100000.0
165,9689816.0
166,6220.0
167,182300000.0
168,11300000.0
169,20500000.0
170,1300000.0
171,180000000.0
172,28277918.0
173,259012.0
174,14900000.0
175,1501785.0
176,1200000.0
177,33700000.0
178,38000000.0
179,28700000.0
180,16399999.999999998
181,6413375.0
182,5546827.0
183,54800000.0
184,38000000.0
185,394631.0
186,25100000.0
187,34400000.0
188,80500000.0
189,14800000.0
190,4600000.0
191,82300000.0
192,14100000.0
193,5451119.0
194,21100000.0
195,89300000.0
196,41900000.0
197,8750400.0
198,14587732.0
199,23200000.0
200,67000000.0
201,34900000.0
202,119400000.0
203,40991329.0
204,9480000.0
205,306319.0
206,65599999.99999999
207,7434726.0
208,9804775.0
209,15600000.0
210,4654288.0
211,2971661.0
212,300900000.0
213,181100000.0
214,19438638.0
215,97000000.0
216,7800000.0
217,191125.0
218,583979.0
219,205400000.0
220,43900000.0
221,1100000.0
222,52487045.0
223,15400000.0
224,28900000.0
225,114500000.0
226,133645.0
227,4100000.0
228,25000000.0
229,29000000.0
230,2800000.0
231,12500000.0
232,456127.0
233,20200000.0
234,18800000.0
235,121500000.0
236,6400000.0
237,6200000.0
238,192000000.0
239,2600000.0
240,26300000.0
241,47600000.0
242,2000000.0
243,14789113.0
244,8400000.0
245,5136759.0
246,14851083.0
247,11000000.0
248,25100000.0
249,23500000.0
250,25682090.0
251,39673161.0
252,18634643.0
253,267265.0
254,31400000.0
255,14061361.0
256,83500000.0
257,787280.0
258,135000000.0
259,32700000.000000004
260,72200000.0
261,24900000.0
262,10400000.0
263,6300000.0
264,1300000.0
265,43000000.0
266,2800000.0
267,21756163.0
268,390500000.0
269,46700000.0
270,4000000.0
271,7200000.0
272,9563393.0
273,2735731.0
274,11511031.0
275,3547684.0
276,2300000.0
277,272700000.0
278,175000000.0
279,36489888.0
280,96800000.0
281,246000.0
282,9100000.0
283,2712293.0
284,7683267.0
285,8000000.0
286,11000863.0
287,15500000.0
288,939277.0
289,336396.0
290,978775.0
291,78600000.0
292,520900000.0
293,45400000.0
294,110505.0
295,15073942.0
296,418807.0
297,4693236.0
298,63700000.0
299,34800000.0
300,1008404.0
301,7300000.0
302,1182273.0
303,59000000.0
304,29000000.0
305,504100000.0
306,159800000.0
307,13000000.0
308,6400000.0
309,19900000.0
310,2000000.0
311,352900000.0
312,266800000.0
313,8400000.0
314,147200000.0
315,3000000.0
316,4500000.0
317,411000000.0
318,131000000.0
319,918239.0
320,215800000.0
321,16600000.000000002
322,25800000.0
323,22518097.0
324,9500000.0
325,7000000.0
326,13200000.0
327,21591800.0
328,14100000.0
329,3052738.0
330,479676.0
331,25105517.0
332,149000000.0
333,16600000.000000002
334,4836637.0
335,83000000.0
336,8403433.0
337,40700000.0
338,231826.0
339,137800000.0
340,32700000.000000004
341,243200000.0
342,75000000.0
343,6132924.0
344,128000000.0
345,37000000.0
346,376008.0
347,1300000.0
348,9200000.0
349,10700000.0
350,3721911.0
351,140000000.0
352,67000000.0
353,26055.0
354,29300000.0
355,359000000.0
356,96000000.0
357,35000000.0
358,94900000.0
359,10600000.0
360,4900000.0
361,11390479.0
362,20100000.0
363,479169.0
364,3043000.0
365,31500000.0
366,21100000.0
367,14800000.0
368,143000000.0
369,32100000.0
370,132400000.0
371,23400000.0
372,1514114.0
373,321700000.0
374,1050861.0
375,7200000.0
376,2287928.0
377,1000000.0
378,754935.0
379,73000000.0
380,6700000.0
381,45000000.0
382,14400000.0
383,1526697.0
384,50800000.0
385,1102469.0
386,40227006.0
387,2000000.0
388,20883046.0
389,13300000.0
390,27200000.0
391,64099999.99999999
392,2000000.0
393,2800000.0
394,6202756.0
395,2000000.0
396,5500000.0
397,8669847.0
398,1500000.0
399,1659542.0
400,4000000.0
401,66000000.0
402,4814619.0
403,178000000.0
404,17100000.0
405,28900000.0
406,1800000.0
407,2800000.0
408,22697691.0
409,3067917.0
410,15160000.0
411,4651977.0
412,5000.0
413,37100000.0
414,14400000.0
415,2502551.0
416,2800000.0
417,66000000.0
418,147724.0
419,47000000.0
420,11600000.0
421,919286.0
422,2814.0
423,134100000.0
424,14700000.0
425,115103.0
426,43800000.0
427,17180393.0
428,84000000.0
429,18500000.0
430,231600000.0
431,30500000.0
432,105200000.0
433,1373196.0
434,12000000.0
435,70600000.0
436,422503.0
437,21000000.0
438,12000000.0
439,20473.0
440,2922094.0
441,22660758.0
442,3600000.0
443,23300000.0
444,3206714.0
445,156600000.0
446,159200000.0
447,95000000.0
448,57138719.0
449,28000000.0
450,1723319.0
451,183100000.0
452,11100000.0
453,90800000.0
454,18000000.0
455,5519569.0
456,2791515.0
457,1468300.0
458,48900000.0
459,24100000.0
460,32300000.0
461,2900000.0
462,69000000.0
463,9700000.0
464,30000000.0
465,112547.0
466,21500000.0
467,8000000.0
468,543091.0
469,5800000.0
470,118243066.0
471,30000000.0
472,6044652.0
473,57400000.0
474,4496583.0
475,764724.0
476,38000000.0
477,10000000.0
478,17952857.0
479,1800000.0
480,17300000.0
481,17900000.0
482,2000000.0
483,37000000.0
484,6011745.0
485,255000000.0
486,21300000.0
487,154900000.0
488,40700000.0
489,13600000.0
490,23671.0
491,1497222.0
492,10600000.0
493,92000000.0
494,8000000.0
495,18369.0
496,159100000.0
497,117200000.0
498,63500000.0
499,1400000.0
500,296081.0
501,1152117.0
502,96000000.0
503,12900000.0
504,7839327.0
505,7000000.0
506,19900000.0
507,270200000.0
508,9488998.0
509,11146270.0
510,153600000.0
511,368900000.0
512,18600000.0
513,12700000.0
514,5100000.0
515,60600000.0
516,105000000.0
517,70200000.0
518,41000000.0
519,74200000.0
520,16500000.0
521,5900000.0
522,2000000.0
523,44900000.0
524,1677807.0
525,57000000.0
526,133800000.0
527,322871.0
528,187000000.0
529,65800000.0
530,266600000.00000003
531,14900000.0
532,5145823.0
533,15900000.0
534,1000000.0
535,32900000.0
536,12136999.0
537,1033000000.0
538,2400000.0
539,1200000.0
540,137300000.0
541,8600000.0
542,12440858.0
543,51000000.0
544,1498795.0
545,10688490.0
546,104000000.0
547,46000000.0
548,37000000.0
549,12900000.0
550,11200000.0
551,9500000.0
552,30000000.0
553,8000000.0
554,1039824.0
555,8345845.0
556,3125424.0
557,441300000.0
558,43000000.0
559,27400000.0
560,15200000.0
561,91500000.0
562,64000000.0
563,6600000.0
564,3273588.0
565,195300000.0
566,135100000.0
567,206700000.0
568,27000000.0
569,50000000.0
570,18289763.0
571,23000000.0
572,6484246.0
573,54207.0
574,107200000.0
575,67000000.0
576,56500000.0
577,148919.0
578,608866.0
579,22800000.0
580,134454.0
581,34300000.0
582,321300000.0
583,7266383.0
584,6100000.0
585,57300000.0
586,6400000.0
587,227800000.0
588,123900000.0
589,19000000.0
590,11500000.0
591,150100000.0
592,36400000.0
593,20000000.0
594,77000000.0
595,38900000.0
596,5600000.0
597,54400000.0
598,6400000.0
599,1000000.0
600,4000000.0
601,53900000.0
602,5495507.0
603,56500000.0
604,101071.0
605,12300000.0
606,12324660.0
607,24000000.0
608,14543394.0
609,901668.0
610,3900000.0
611,48200000.0
612,9300000.0
613,23600000.0
614,12700000.0
615,10000000.0
616,56000000.0
617,11200000.0
618,84859.0
619,278720.0
620,11798854.0
621,19623396.0
622,16192320.0
623,107200000.0
624,21000000.0
625,5800000.0
626,16820893.0
627,50200000.0
628,9400000.0
629,30000000.0
630,15240435.0
631,7300000.0
632,119200000.0
633,4600000.0
634,39000000.0
635,7000000.0
636,53000000.0
637,26000000.0
638,3400000.0
639,13400000.0
640,3700000.0
641,10471613.0
642,1200000.0
643,7900000.0
644,1600000.0
645,3038499.0
646,43000000.0
647,7400000.0
648,215900000.0
649,3200000.0
650,117600000.0
651,7400000.0
652,1007600.0
653,19700000.0
654,11391093.0
655,20100000.0
656,20300000.0
657,13642861.0
658,94000000.0
659,3174695.0
660,45600000.0
661,3103716.0
662,1700000.0
663,214000000.0
664,4200000.0
665,28735315.0
666,247300000.0
667,24000000.0
668,5900000.0
669,10904930.0
670,1700000.0
671,6800000.0
672,3134381.0
673,233824.0
674,341600000.0
675,683100000.0
676,8094616.0
677,30000000.0
678,35000000.0
679,2408311.0
680,395105.0
681,13137484.0
682,31000000.0
683,3400000.0
684,36700000.0
685,713234.0
686,11800000.0
687,19000000.0
688,1760527.0
689,61900000.0
690,10000000.0
691,26381221.0
692,89611.0
693,9900000.0
694,28881266.0
695,8880705.0
696,21355893.0
697,223700000.0
698,21000000.0
699,37939757.0
700,60822.0
701,20851521.0
702,3800000.0
703,108400000.0
704,1300000.0
705,9979683.0
706,5842603.0
707,160600000.0
708,46100000.0
709,2300000.0
710,968500000.0
711,12000000.0
712,4858139.0
713,19300000.0
714,1095885.0
715,67300000.0
716,50100000.0
717,18272894.0
718,35200.0
719,29400000.0
720,15200000.0
721,30600000.0
722,112000000.0
723,351600000.0
724,183000000.0
725,18137661.0
726,6800000.0
727,16453258.0
728,2144667.0
729,45000000.0
730,28000000.0
731,70936.0
732,50300000.0
733,106700000.0
734,15800000.0
735,15300000.0
736,39500000.0
737,12000000.0
738,38600000.0
739,20100000.0
740,4330020.0
741,13700000.0
742,48400000.0
743,126247.0
744,11669.0
745,3062530.0
746,213900000.0
747,8647042.0
748,24800000.0
749,1300000.0
750,305070.0
751,11000000.0
752,24332324.0
753,38100000.0
754,94200000.0
755,6562513.0
756,43200000.0
757,63513.0
758,189800000.0
759,2694234.0
760,71314.0
761,6159269.0
762,7800000.0
763,48000000.0
764,58300000.0
765,3200000.0
766,61274.0
767,3430583.0
768,200151.0
769,1359736.0
770,170400000.0
771,20667959.0
772,350400000.0
773,3337685.0
774,118000000.0
775,196600000.0
776,99400000.0
777,18300000.0
778,7727256.0
779,9800000.0
780,382928.0
781,47000000.0
782,185898.0
783,14815317.0
784,11300000.0
785,101600000.0
786,538534.0
787,6000000.0
788,6971777.0
789,71368.0
790,378900000.0
791,1746050.0
792,4400000.0
793,16480770.0
794,19800000.0
795,50000000.0
796,8878839.0
797,20000000.0
798,131000000.0
799,25100000.0
800,10184701.0
801,168800000.0
802,407618.0
803,212400000.0
804,302393.0
805,7506759.0
806,107900000.0
807,3400000.0
808,4800000.0
809,355200000.0
810,83300000.0
811,254100000.0
812,9600000.0
813,141400000.0
814,3674841.0
815,11000000.0
816,2400000.0
817,336600000.0
818,5500000.0
819,16000000.0
820,5750110.0
821,17700000.0
822,26400000.0
823,1268636.0
824,3730409.0
825,23400000.0
826,46600000.0
827,213200000.0
828,182000000.0
829,7900000.0
830,12100000.0
831,178104.0
832,13900000.0
833,116100000.0
834,287900000.0
835,1400591.0
836,13071518.0
837,56600000.0
838,16198.0
839,152000000.0
840,32000000.0
841,157400000.0
842,868979.0
843,676525.0
844,2570000.0
845,10000000.0
846,179500000.0
847,1000000.0
848,83000000.0
849,24100000.0
850,21100000.0
851,25400000.0
852,2000000.0
853,16100000.000000002
854,366100000.0
855,46400000.0
856,69000000.0
857,284785.0
858,3039634.0
859,10700000.0
860,303841.0
861,11500000.0
862,11642945.0
863,76600000.0
864,127600000.0
865,3987768.0
866,33000000.0
867,4257354.0
868,30000000.0
869,102000000.0
870,27500000.0
871,115100000.0
872,6000000.0
873,352100000.0
874,37600000.0
875,3900000.0
876,71500000.0
877,57100.0
878,7500000.0
879,15100000.0
880,187400000.0
881,941414.0
882,17600000.0
883,26000000.0
884,38300000.0
885,22100000.0
886,26325256.0
887,41000000.0
888,6600000.0
889,8900000.0
890,1977544.0
891,35700000.0
892,19500000.0
893,9900000.0
894,3487767.0
895,7600000.0
896,52400000.0
897,113500000.0
898,262800000.0
899,17000000.0
900,36800000.0
901,718490.0
902,13400000.0
903,20400000.0
904,14900000.0
905,459749.0
906,7024389.0
907,49800000.0
908,10000000.0
909,1100000.0
910,13300000.0
911,7600000.0
912,15453274.0
913,30100000.0
914,2100000.0
915,40070995.0
916,209935.0
917,1800000.0
918,5221281.0
919,469571.0
920,26000000.0
921,66400000.00000001
922,77200000.0
923,2484226.0
924,124700000.0
925,124700000.0
926,106300000.0
927,17400000.0
928,11100000.0
929,4686937.0
930,110600000.0
931,6858261.0
932,3565508.0
933,8000000.0
934,138500000.0
935,13700000.0
936,37600000.0
937,24670346.0
938,2844379.0
939,189800000.0
940,6834525.0
941,3900000.0
942,2832826.0
943,5269757.0
944,346100000.0
945,30900000.0
946,16100000.000000002
947,18600000.0
948,103351.0
949,4000000.0
950,2684904.0
951,31600000.0
952,12096881.0
953,87100000.0
954,512245.0
955,10400000.0
956,5711695.0
957,135000000.0
958,327300000.0
959,37800000.0
960,38000000.0
961,77300000.0
962,113300000.0
963,99318.0
964,692400.0
965,8000000.0
966,912082.0
967,64400000.00000001
968,11800000.0
969,6000000.0
970,669276.0
971,529677.0
972,7025496.0
973,5772529.0
974,21300000.0
975,47800000.0
976,23900000.0
977,32700000.000000004
978,5100000.0
979,373000000.0
980,26282.0
981,105000000.0
982,536023.0
983,2875086.0
984,34400000.0
985,19800000.0
986,9400000.0
987,24100000.0
988,82000000.0
989,50000000.0
990,6014341.0
991,264200000.0
992,5000000.0
993,182000000.0
994,3760525.0
995,2193982.0
996,15054636.0
997,320700000.0
998,11132900.0
999,37536.0
1000,15094530.0
1001,8600000.0
1002,14000000.0
1003,12800000.0
1004,1100000.0
1005,3800000.0
1006,3000000.0
1007,10600000.0
1008,63100000.0
1009,27315527.0
1010,8797839.0
1011,2000000.0
1012,14200000.0
1013,13400000.0
1014,185300000.0
1015,32400000.0
1016,1100000.0
1017,560069.0
1018,7000000.0
1019,516350.0
1020,2654308.0
1021,4000000.0
1022,150200000.0
1023,22600000.0
1024,102800000.0
1025,3300000.0
1026,290978.0
1027,9255027.0
1028,60200000.0
1029,22500000.0
1030,285112.0
1031,33400000.0
1032,100900000.0
1033,55600000.0
1034,25300000.0
1035,7343114.0
1036,49620.0
1037,22900000.0
1038,159200000.0
1039,2084559.0
1040,7138523.0
1041,52400000.0
1042,20109115.0
1043,37553752.0
1044,115300000.0
1045,9900000.0
1046,4422330.0
1047,31400000.0
1048,22200000.0
1049,232000000.0
1050,242300000.0
1051,25500000.0
1052,12767815.0
1053,9800000.0
1054,141000000.0
1055,122100000.0
1056,17400000.0
1057,26900000.0
1058,2104439.0
1059,10125417.0
1060,18600000.0
1061,60600000.0
1062,20800000.0
1063,3124440.0
1064,26491793.0
1065,181000000.0
1066,17193231.0
1067,20080020.0
1068,14702438.0
1069,25100000.0
1070,269300.0
1071,295493.0
1072,29300000.0
1073,59300000.0
1074,1412799.0
1075,5691854.0
1076,197322.0
1077,75000000.0
1078,13323144.0
1079,4000000.0
1080,20351264.0
1081,660313.0
1082,8000000.0
1083,4700000.0
1084,41200000.0
1085,222559.0
1086,26600000.0
1087,5009305.0
1088,9300000.0
1089,21302121.0
1090,32700000.000000004
1091,7032782.0
1092,325300000.0
1093,1900000.0
1094,2420162.0
1095,25372294.0
1096,817400000.0
1097,195170.0
1098,520.0
1099,49627779.0
1100,622503.0
1101,58600000.0
1102,37700000.0
1103,5200601.0
1104,273600000.0
1105,129800000.0
1106,4619014.0
1107,50789.0
1108,22700000.0
1109,8600000.0
1110,1356329.0
1111,18900000.0
1112,32200000.000000004
1113,8300000.000000001
1114,5939449.0
1115,2400000.0
1116,13000000.0
1117,89500000.0
1118,1408575.0
1119,32925.0
1120,107874.0
1121,502313.0
1122,101400000.0
1123,12800000.0
1124,12900000.0
1125,33500000.0
1126,51700000.0
1127,119700000.0
1128,27500000.0
1129,41000000.0
1130,457700000.0
1131,19145198.0
1132,403701.0
1133,12800000.0
1134,10082005.0
1135,11500000.0
1136,21075014.0
1137,34300000.0
1138,22300000.0
1139,1000000.0
1140,274000000.0
1141,97500000.0
1142,3000000.0
1143,8000000.0
1144,43000000.0
1145,17300000.0
1146,1383553.0
1147,48000000.0
1148,102600000.0
1149,57400000.0
1150,1945552.0
1151,309500000.0
1152,8543587.0
1153,335100000.0
1154,151800000.0
1155,220198.0
1156,10580.0
1157,173000000.0
1158,41600000.0
1159,37956793.0
1160,13800000.0
1161,165600000.0
1162,34100000.0
1163,230400000.0
1164,12643776.0
1165,27000000.0
1166,146000000.0
1167,4700000.0
1168,113000000.0
1169,2500000.0
1170,14818176.0
1171,21508.0
1172,10163782.0
1173,2000000.0
1174,4600000.0
1175,34600000.0
1176,34746109.0
1177,15300000.0
1178,152000000.0
1179,75800000.0
1180,4100000.0
1181,749741.0
1182,3600000.0
1183,34073143.0
1184,495700000.0
1185,13600000.0
1186,2821671.0
1187,272542.0
1188,100700000.0
1189,21400000.0
1190,1600000.0
1191,44722.0
1192,44052.0
1193,10292300.0
1194,4000000.0
1195,50100000.0
1196,34700000.0
1197,2465960.0
1198,315200000.0
1199,339379.0
1200,161400000.0
1201,26600000.0
1202,44200000.0
1203,136800000.0
1204,140000000.0
1205,2196650.0
1206,21277770.0
1207,314100000.0
1208,332597.0
1209,67700000.0
1210,7338279.0
1211,238200000.0
1212,251200000.0
1213,11500000.0
1214,5000.0
1215,31500000.0
1216,720074.0
1217,43100000.0
1218,20050376.0
1219,16500000.0
1220,50200000.0
1221,10100000.0
1222,1963654.0
1223,3600000.0
1224,12000000.0
1225,2178160.0
1226,1568328.0
1227,537948.0
1228,548562.0
1229,224000000.0
1230,137000000.0
1231,171100000.0
1232,63700000.0
1233,5400000.0
1234,178100000.0
1235,10600000.0
1236,14000000.0
1237,153000000.0
1238,140807547.0
1239,124900000.0
1240,48138337.0
1241,43300000.0
1242,386673.0
1243,14842388.0
1244,42000000.0
1245,14515490.0
1246,245700000.0
1247,878960.0
1248,35700000.0
1249,40000000.0
1250,263900000.0
1251,24500000.0
1252,785482.0
1253,178000000.0
1254,3400000.0
1255,42000000.0
1256,32700000.000000004
1257,97200000.0
1258,109400000.0
1259,5900000.0
1260,12500000.0
1261,174400000.0
1262,113069.0
1263,19700000.0
1264,23700000.0
1265,225900000.0
1266,5600000.0
1267,31070412.0
1268,2284034.0
1269,1338335.0
1270,252700000.0
1271,79100000.0
1272,23461013.0
1273,626057.0
1274,13330.0
1275,375634.0
1276,8000000.0
1277,63856929.0
1278,2800000.0
1279,5900000.0
1280,159300000.0
1281,74700000.0
1282,59900000.0
1283,57252.0
1284,60500000.0
1285,23800000.0
1286,6200000.0
1287,5700000.0
1288,126200000.0
1289,46362.0
1290,106404.0
1291,10925060.0
1292,302700000.0
1293,1100000.0
1294,3800000.0
1295,618600000.0
1296,12782749.0
1297,2581012.0
1298,2900000.0
1299,10500000.0
1300,13700000.0
1301,1935539.0
1302,3392080.0
1303,4500000.0
1304,4100000.0
1305,589400000.0
1306,910773.0
1307,32000000.0
1308,25100000.0
1309,48400000.0
1310,51300000.0
1311,11838218.0
1312,122400000.0
1313,41100000.0
1314,299300000.0
1315,458815.0
1316,9889670.0
1317,1300000.0
1318,44500000.0
1319,194201.0
1320,5700000.0
1321,2600000.0
1322,602302.0
1323,4953510.0
1324,30716901.0
1325,2007100.0
1326,110400000.0
1327,3600000.0
1328,44300000.0
1329,4166918.0
1330,20800000.0
1331,589304.0
1332,41200000.0
1333,45900000.0
1334,22415440.0
1335,48024912.0
1336,15400000.0
1337,29200000.0
1338,13000000.0
1339,169400000.0
1340,172400000.0
1341,346056.0
1342,35500000.0
1343,131500000.0
1344,2312463.0
1345,7281450.0
1346,8345056.0
1347,14772788.0
1348,3330352.0
1349,43700000.0
1350,13800000.0
1351,87900000.0
1352,164500000.0
1353,7575028.0
1354,121200000.0
1355,1700000.0
1356,1700000.0
1357,273644.0
1358,283081.0
1359,6500000.0
1360,318809.0
1361,18300000.0
1362,16574176.0
1363,51618.0
1364,7900000.0
1365,3500000.0
1366,2195000000.0
1367,387069.0
1368,534010.0
1369,14598571.0
1370,309.0
1371,122046.0
1372,9600000.0
1373,11500000.0
1374,6600000.0
1375,9054736.0
1376,36400000.0
1377,122800000.0
1378,64300000.0
1379,2900000.0
1380,6524620.0
1381,1900000.0
1382,334319.0
1383,7300000.0
1384,13700000.0
1385,15700000.0
1386,7200000.0
1387,16800000.0
1388,100841.0
1389,6100000.0
1390,23900000.0
1391,1036818.0
1392,171800000.0
1393,8900000.0
1394,553700000.0
1395,54700000.0
1396,69100000.0
1397,7000000.0
1398,9639390.0
1399,22900000.0
1400,27000000.0
1401,46700000.0
1402,2000000.0
1403,12951088.0
1404,131200000.0
1405,14051384.0
1406,50700000.0
1407,13493.0
1408,2400000.0
1409,363300000.0
1410,29200000.0
1411,25600000.0
1412,6754958.0
1413,5100000.0
1414,181233.0
1415,198700000.0
1416,56000000.0
1417,1800000.0
1418,1161063.0
1419,15923122.0
1420,676631.0
1421,2361632.0
1422,4000000.0
1423,27200000.0
1424,15064946.0
1425,349500000.0
1426,11200000.0
1427,13800000.0
1428,10000000.0
1429,294400000.0
1430,5672903.0
1431,871759.0
1432,250800000.0
1433,98000000.0
1434,40300000.0
1435,25200000.0
1436,13700000.0
1437,8165212.0
1438,1534569.0
1439,6500000.0
1440,379000000.0
1441,1900000.0
1442,55500000.0
1443,907996.0
1444,17500000.0
1445,75000000.0
1446,5700000.0
1447,19900000.0
1448,22400000.0
1449,22513.0
1450,166082.0
1451,1929168.0
1452,12100000.0
1453,10400000.0
1454,77910.0
1455,81500000.0
1456,186900000.0
1457,39200000.0
1458,1800000.0
1459,13583690.0
1460,10300000.0
1461,84000000.0
1462,125300000.0
1463,12200000.0
1464,2198044.0
1465,34600000.0
1466,30100000.0
1467,4106588.0
1468,44000000.0
1469,7571115.0
1470,3000000.0
1471,14100000.0
1472,285400000.0
1473,15610299.0
1474,136200000.0
1475,30000000.0
1476,3500000.0
1477,183000000.0
1478,250300000.0
1479,142900000.0
1480,4400000.0
1481,93100000.0
1482,50600000.0
1483,2700000.0
1484,333760.0
1485,304300000.0
1486,118475.0
1487,88000000.0
1488,21521.0
1489,10452012.0
1490,30300000.0
1491,222099.0
1492,46900000.0
1493,18912328.0
1494,26616840.0
1495,6400000.0
1496,77700000.0
1497,5878911.0
1498,92100000.0
1499,202300000.0
1500,2300000.0
1501,128000000.0
1502,1200000.0
1503,5600000.0
1504,45661.0
1505,3200000.0
1506,23300000.0
1507,3970078.0
1508,49800000.0
1509,692588.0
1510,68300000.0
1511,1081957.0
1512,52100000.0
1513,218600000.0
1514,37200000.0
1515,38100000.0
1516,4960.0
1517,19200000.0
1518,8300000.000000001
1519,5500000.0
1520,9257103.0
1521,70700000.0
1522,22900000.0
1523,113484.0
1524,140900000.0
1525,244400000.0
1526,45724.0
1527,482300000.0
1528,13109234.0
1529,289300000.0
1530,116700000.0
1531,18300000.0
1532,16300000.0
1533,164800000.0
1534,1009819.0
1535,80837.0
1536,5500000.0
1537,87500000.0
1538,6745362.0
1539,103900000.0
1540,14600000.0
1541,123104.0
1542,26800000.0
1543,73400000.0
1544,100000000.0
1545,117800000.0
1546,159700000.0
1547,713239.0
1548,2172941.0
1549,369000000.0
1550,98100000.0
1551,264100000.00000003
1552,15100000.0
1553,102400000.0
1554,72500000.0
1555,20300000.0
1556,21000000.0
1557,190000000.0
1558,123300000.0
1559,75400000.0
1560,12461773.0
1561,282175.0
1562,67200000.0
1563,777423.0
1564,8165984.0
1565,9640000.0
1566,189200000.0
1567,4700000.0
1568,250800000.0
1569,2000000.0
1570,53500000.0
1571,61700000.0
1572,6900000.0
1573,96600000.0
1574,12000000.0
1575,356300000.0
1576,1200000.0
1577,235500000.0
1578,176900000.0
1579,114000000.0
1580,100200000.0
1581,23600000.0
1582,206626.0
1583,41100000.0
1584,19600000.0
1585,22365133.0
1586,312000000.0
1587,36500000.0
1588,36900000.0
1589,10200000.0
1590,32400000.0
1591,27816.0
1592,34573780.0
1593,2000000.0
1594,87400000.0
1595,234800000.0
1596,3728888.0
1597,5000000.0
1598,248600000.0
1599,40300000.0
1600,117700000.0
1601,151500000.0
1602,30471.0
1603,98600000.0
1604,20700000.0
1605,178278.0
1606,16800000.0
1607,10100000.0
1608,2600000.0
1609,11800000.0
1610,88500000.0
1611,5453.0
1612,24500000.0
1613,2900000.0
1614,2000000.0
1615,76300000.0
1616,165000000.0
1617,28121100.0
1618,145071.0
1619,5800000.0
1620,92900000.0
1621,6300000.0
1622,44000000.0
1623,177800000.0
1624,10500000.0
1625,10000000.0
1626,35200000.0
1627,17200000.0
1628,212400000.0
1629,17600000.0
1630,162100000.0
1631,90900000.0
1632,101200000.0
1633,4488529.0
1634,46100000.0
1635,93900000.0
1636,33543.0
1637,90700000.0
1638,149700000.0
1639,9400000.0
1640,48300000.0
1641,4197729.0
1642,28500000.0
1643,286800000.0
1644,180200000.0
1645,4000000.0
1646,40800000.0
1647,74000000.0
1648,2891515.0
1649,4200000.0
1650,12000000.0
1651,14011454.0
1652,100200000.0
1653,134400000.0
1654,34100000.0
1655,31300000.0
1656,4956401.0
1657,3100000.0
1658,12000000.0
1659,56900000.0
1660,3700000.0
1661,73300000.0
1662,5985690.0
1663,3200000.0
1664,6552255.0
1665,8302478.0
1666,2924635.0
1667,48500000.0
1668,47400000.0
1669,4634.0
1670,465300000.0
1671,118000000.0
1672,67000000.0
1673,54264342.0
1674,16100000.000000002
1675,15415361.0
1676,507941.0
1677,4600000.0
1678,416400000.0
1679,22300000.0
1680,11600000.0
1681,14900000.0
1682,36800000.0
1683,8900000.0
1684,33500000.0
1685,84600000.0
1686,58400000.0
1687,363900000.0
1688,34700000.0
1689,12200000.0
1690,12600000.0
1691,27800000.0
1692,161600000.0
1693,8400000.0
1694,8400000.0
1695,17800000.0
1696,74600000.0
1697,2062405.0
1698,309500000.0
1699,103200000.0
1700,292152.0
1701,4400000.0
1702,672800000.0
1703,207000000.0
1704,107099.0
1705,23049593.0
1706,83100000.0
1707,1027000000.0
1708,89400000.0
1709,21100000.0
1710,58900031.0
1711,300100000.0
1712,19300000.0
1713,30600000.0
1714,4197015.0
1715,128800000.0
1716,448200000.0
1717,8900000.0
1718,18500000.0
1719,124300000.0
1720,107700000.0
1721,10600000.0
1722,2920000.0
1723,497400000.0
1724,16600000.000000002
1725,1350248.0
1726,10700000.0
1727,54300000.0
1728,10400000.0
1729,30700000.0
1730,4750660.0
1731,38738.0
1732,222100000.0
1733,11600000.0
1734,25000000.0
1735,361800000.0
1736,183600000.0
1737,62200000.0
1738,9800000.0
1739,96100000.0
1740,35100000.0
1741,18100000.0
1742,47400000.0
1743,34300000.0
1744,43805.0
1745,40400000.0
1746,90700000.0
1747,15000000.0
1748,2500000.0
1749,29700000.0
1750,144100000.0
1751,3200000.0
1752,90000000.0
1753,8500000.0
1754,20800000.0
1755,174000000.0
1756,40000000.0
1757,28000000.0
1758,47700000.0
1759,53400000.0
1760,25800000.0
1761,90500000.0
1762,2000000.0
1763,15300000.0
1764,429600000.0
1765,2000000.0
1766,104000000.0
1767,26300000.0
1768,264100000.00000003
1769,152700000.0
1770,1200000.0
1771,22400000.0
1772,113900000.0
1773,13100000.0
1774,45600000.0
1775,16000000.0
1776,349800000.0
1777,24400000.0
1778,22800000.0
1779,47100000.0
1780,15900000.0
1781,73200000.0
1782,6600000.0
1783,33800000.0
1784,169600000.0
1785,256300000.0
1786,75228.0
1787,124700000.0
1788,80000000.0
1789,59500000.0
1790,68100000.0
1791,19400000.0
1792,44600000.0
1793,104883.0
1794,1700000.0
1795,460500000.0
1796,5753678.0
1797,237200000.0
1798,12000000.0
1799,3000000.0
1800,2000000.0
1801,51000000.0
1802,10900000.0
1803,47100000.0
1804,15800000.0
1805,190200000.0
1806,5100000.0
1807,363400000.0
1808,48564.0
1809,14400327.0
1810,5000000.0
1811,3000000.0
1812,47027.0
1813,468684.0
1814,59900000.0
1815,110300000.0
1816,39500000.0
1817,58300000.0
1818,28000000.0
1819,18400000.0
1820,31355910.0
1821,27700000.0
1822,10900000.0
1823,16974.0
1824,149000000.0
1825,330400000.0
1826,40000000.0
1827,82300000.0
1828,173599.0
1829,59989.0
1830,212800000.0
1831,111000000.0
1832,546400000.0
1833,35500000.0
1834,24300000.0
1835,59800000.0
1836,166300000.0
1837,29400000.0
1838,584054.0
1839,38000000.0
1840,769272.0
1841,215300000.0
1842,55700000.0
1843,328700000.0
1844,53200000.0
1845,10500000.0
1846,3500000.0
1847,7838.0
1848,62800000.0
1849,268117.0
1850,18000000.0
1851,12500000.0
1852,33500000.0
1853,32200000.000000004
1854,136800000.0
1855,50100000.0
1856,7400000.0
1857,36000000.0
1858,76400000.0
1859,119800000.0
1860,91000000.0
1861,103300000.0
1862,71700000.0
1863,278000000.0
1864,6123.0
1865,161800000.0
1866,7000000.0
1867,10200000.0
1868,11200000.0
1869,107200000.0
1870,99300000.0
1871,50800000.0
1872,29934477.0
1873,83600000.0
1874,62500000.0
1875,3050934.0
1876,128900000.0
1877,13276.0
1878,76424.0
1879,14800000.0
1880,66599999.99999999
1881,19700000.0
1882,96200000.0
1883,1431406.0
1884,36800000.0
1885,208300000.0
1886,1200000.0
1887,127000000.0
1888,248100000.0
1889,1380000.0
1890,38600000.0
1891,215700000.0
1892,327418.0
1893,47300000.0
1894,13100000.0
1895,291400000.0
1896,14100000.0
1897,374100000.0
1898,9000000.0
1899,40000000.0
1900,7000000.0
1901,4800000.0
1902,106400000.0
1903,33400000.0
1904,296300000.0
1905,889352.0
1906,11000000.0
1907,56400000.0
1908,18700000.0
1909,235900000.0
1910,471210.0
1911,87700000.0
1912,1051948.0
1913,105200000.0
1914,49136.0
1915,138300000.0
1916,13678913.0
1917,287600000.0
1918,850255.0
1919,29700000.0
1920,84700000.0
1921,4931888.0
1922,18200000.0
1923,186100000.0
1924,29381649.0
1925,67600000.0
1926,313000000.0
1927,92000000.0
1928,1300000.0
1929,173000000.0
1930,39900000.0
1931,83300000.0
1932,8400000.0
1933,27958192.0
1934,5000000.0
1935,1400000.0
1936,62112895.0
1937,3700000.0
1938,200700000.0
1939,687194.0
1940,25300000.0
1941,499891.0
1942,19900000.0
1943,39400000.0
1944,18900000.0
1945,10000000.0
1946,54200000.0
1947,100000000.0
1948,7500000.0
1949,31600000.0
1950,71200000.0
1951,176100000.0
1952,54700000.0
1953,97000000.0
1954,98400000.0
1955,80000000.0
1956,207300000.0
1957,85100000.0
1958,8704851.0
1959,17400000.0
1960,14300000.0
1961,74600000.0
1962,3400000.0
1963,19900000.0
1964,8800000.0
1965,14000000.0
1966,23600000.0
1967,5300000.0
1968,87800000.0
1969,517872.0
1970,351600000.0
1971,44100000.0
1972,1002000000.0
1973,56653.0
1974,13127022.0
1975,57800000.0
1976,30900000.0
1977,3600000.0
1978,28500000.0
1979,31300000.0
1980,1600000.0
1981,97800000.0
1982,44800000.0
1983,33800000.0
1984,59370000.0
1985,103000000.0
1986,31000000.0
1987,24516772.0
1988,14900000.0
1989,36600000.0
1990,368800000.0
1991,16200000.0
1992,98800000.0
1993,65000000.0
1994,76000000.0
1995,23396049.0
1996,64400000.00000001
1997,10000000.0
1998,117500000.0
1999,14100000.0
2000,1700000.0
2001,274700000.0
2002,27600000.0
2003,141800000.0
2004,23903791.0
2005,888300000.0
2006,4695781.0
2007,37300000.0
2008,2006391.0
2009,18900000.0
2010,18600000.0
2011,6000000.0
2012,147800000.0
2013,7600000.0
2014,45000000.0
2015,577400000.0
2016,179200000.0
2017,20100000.0
2018,435000000.0
2019,34585771.0
2020,368700000.0
2021,621.0
2022,66500000.0
2023,2030000.0
2024,19210835.0
2025,450700000.0
2026,4400000.0
2027,72700000.0
2028,13500000.0
2029,35400000.0
2030,14000000.0
2031,209900000.0
2032,14800000.0
2033,449200000.0
2034,362200000.0
2035,29400000.0
2036,3300000.0
2037,165300000.0
2038,85500000.0
2039,44500000.0
2040,35700000.0
2041,19300000.0
2042,71400000.0
2043,347300000.0
2044,319299.0
2045,131700000.0
2046,26000000.0
2047,12300000.0
2048,141200000.0
2049,114300000.0
2050,43000000.0
2051,77500000.0
2052,1600000.0
2053,141100000.0
2054,25000000.0
2055,484400000.0
2056,3500000.0
2057,38600000.0
2058,4299141.0
2059,143000000.0
2060,147900000.0
2061,1300000.0
2062,16900000.0
2063,19700000.0
2064,23200000.0
2065,65800000.0
2066,147100000.0
2067,515900.0
2068,3706652.0
2069,68500000.0
2070,23400000.0
2071,4574762.0
2072,10400000.0
2073,104900000.0
2074,22390000.0
2075,36700000.0
2076,203400000.0
2077,370720.0
2078,3200000.0
2079,10229331.0
2080,95000000.0
2081,295206.0
2082,38400000.0
2083,60800000.0
2084,23900000.0
2085,95100000.0
2086,242900000.0
2087,12300000.0
2088,130500000.0
2089,105800000.0
2090,32800000.0
2091,7100000.0
2092,26306533.0
2093,55000000.0
2094,23400000.0
2095,296700000.0
2096,2700000.0
2097,824597.0
2098,66000000.0
2099,20200000.0
2100,38100000.0
2101,77000000.0
2102,605562.0
2103,3800000.0
2104,53000000.0
2105,8500000.0
2106,16200000.0
2107,155000000.0
2108,31800000.0
2109,55000000.0
2110,214000000.0
2111,58000000.0
2112,28316451.0
2113,1200000.0
2114,30600000.0
2115,352100000.0
2116,94900000.0
2117,60902.0
2118,306800000.0
2119,29413966.0
2120,1300000.0
2121,254293.0
2122,38800000.0
2123,78400000.0
2124,33400000.0
2125,2751988.0
2126,33100000.0
2127,75400000.0
2128,18000000.0
2129,61100000.0
2130,5200000.0
2131,2000000.0
2132,34409206.0
2133,8300000.000000001
2134,6300000.0
2135,73800000.0
2136,52300000.0
2137,57600000.0
2138,23800000.0
2139,45000000.0
2140,16300000.0
2141,18591272.0
2142,51800000.0
2143,5300000.0
2144,4289509.0
2145,29000000.0
2146,18900000.0
2147,56300000.0
2148,33500000.0
2149,29000000.0
2150,193800000.0
2151,68300000.0
2152,24000000.0
2153,19200000.0
2154,37600000.0
2155,880300000.0
2156,33100000.0
2157,15200000.0
2158,63800000.0
2159,14800000.0
2160,54600000.0
2161,108800000.0
2162,60300000.0
2163,383300000.0
2164,6900000.0
2165,8145549.0
2166,113800000.0
2167,79500000.0
2168,102600000.0
2169,25600000.0
2170,13800000.0
2171,65700000.0
2172,7800000.0
2173,17000000.0
2174,4412203.0
2175,16900000.0
2176,62300000.0
2177,273100000.0
2178,951200000.0
2179,163800000.0
2180,43400000.0
2181,441800000.0
2182,358400000.0
2183,10000000.0
2184,55100000.0
2185,171300000.0
2186,56700000.0
2187,12600000.0
2188,38300000.0
2189,46375.0
2190,31167388.0
2191,3700000.0
2192,52200000.0
2193,43300000.0
2194,3100000.0
2195,197100000.0
2196,811299.0
2197,41300000.0
2198,563711.0
2199,14800000.0
2200,16399999.999999998
2201,308552.0
2202,24700000.0
2203,45500000.0
2204,27674124.0
2205,7700000.0
2206,209200000.0
2207,82200000.0
2208,115100000.0
2209,249400000.0
2210,183400000.0
2211,1934497.0
2212,25900000.0
2213,80700000.0
2214,11800000.0
2215,19600000.0
2216,1000000.0
2217,172900000.0
2218,275700000.0
2219,180600000.0
2220,3707201.0
2221,9300000.0
2222,20100000.0
2223,77700000.0
2224,1250798.0
2225,408200000.0
2226,6400000.0
2227,115000000.0
2228,30000000.0
2229,12500000.0
2230,825000000.0
2231,122600000.0
2232,1020000.0
2233,119700000.0
2234,653800000.0
2235,67300000.0
2236,2106838.0
2237,14300000.0
2238,134736.0
2239,170000000.0
2240,193900000.0
2241,3369654.0
2242,180600000.0
2243,1036520.0
2244,34400000.0
2245,3200241.0
2246,16100000.000000002
2247,1500711.0
2248,123700000.0
2249,43900000.0
2250,13400000.0
2251,109600000.0
2252,515678.0
2253,7100000.0
2254,19300000.0
2255,104400000.0
2256,199000000.0
2257,41600000.0
2258,119000000.0
2259,267109.0
2260,47500000.0
2261,114700000.0
2262,4600000.0
2263,21000000.0
2264,60700000.0
2265,77600000.0
2266,277400000.0
2267,2418.0
2268,236300000.0
2269,60400000.0
2270,58800000.0
2271,15000000.0
2272,548712.0
2273,8700000.0
2274,231500000.0
2275,195700000.0
2276,13585075.0
2277,365727.0
2278,273300000.0
2279,76500000.0
2280,42800000.0
2281,280351.0
2282,11700000.0
2283,123200000.0
2284,23510601.0
2285,15000000.0
2286,164700000.0
2287,250400000.0
2288,402599.0
2289,484600000.0
2290,37700000.0
2291,2650356.0
2292,475940.0
2293,134000000.0
2294,259100000.00000003
2295,12600000.0
2296,190200000.0
2297,7900000.0
2298,29100000.0
2299,173000000.0
2300,6400000.0
2301,23000000.0
2302,10000000.0
2303,74100000.0
2304,56000000.0
2305,2294823.0
2306,164400000.0
2307,179200000.0
2308,12150301.0
2309,47500000.0
2310,22573594.0
2311,23700000.0
2312,13000000.0
2313,39500000.0
2314,75700000.0
2315,39300000.0
2316,19300000.0
2317,2255000.0
2318,223300000.0
2319,32700000.000000004
2320,90400000.0
2321,940300000.0
2322,37000.0
2323,5000000.0
2324,160800000.0
2325,116600000.0
2326,4900000.0
2327,400000.0
2328,7300000.0
2329,12800000.0
2330,45300000.0
2331,141600000.0
2332,5000000.0
2333,17432163.0
2334,182300000.0
2335,38600000.0
2336,71400000.0
2337,51100000.0
2338,62200000.0
2339,16800000.0
2340,16900000.0
2341,13800000.0
2342,177400000.0
2343,245400000.0
2344,24900000.0
2345,45500000.0
2346,292376.0
2347,90200000.0
2348,26891849.0
2349,1200000.0
2350,120200000.0
2351,8199999.999999999
2352,176100000.0
2353,63100000.0
2354,160500000.0
2355,135700000.0
2356,101500000.0
2357,88900000.0
2358,180900000.0
2359,160100000.0
2360,456800000.0
2361,179300000.0
2362,124900000.0
2363,38900000.0
2364,55500000.0
2365,68500000.0
2366,1142000000.0
2367,118700000.0
2368,21000000.0
2369,34000000.0
2370,44300000.0
2371,1700000.0
2372,546106.0
2373,211600000.0
2374,65599999.99999999
2375,65599999.99999999
2376,741800000.0
2377,427300000.0
2378,634803.0
2379,34300000.0
2380,18700000.0
2381,38400000.0
2382,141300000.0
2383,64200000.0
2384,18191005.0
2385,156600000.0
2386,436365.0
2387,829140.0
2388,54000000.0
2389,87000000.0
2390,98200000.0
2391,68300000.0
2392,55500000.0
2393,11560806.0
2394,55500000.0
2395,742898.0
2396,117200000.0
2397,122000000.0
2398,97800000.0
2399,3300000.0
2400,62900000.0
2401,654300000.0
2402,52600000.0
2403,5300000.0
2404,101200000.0
2405,1900.0
2406,55400000.0
2407,80200000.0
2408,80900000.0
2409,207200000.0
2410,220700000.0
2411,131300000.0
2412,148300000.0
2413,48300000.0
2414,459098.0
2415,88300000.0
2416,2900000.0
2417,80800000.0
2418,435625.0
2419,266700000.0
2420,197000000.0
2421,65800000.0
2422,1200000.0
2423,86500000.0
2424,433400000.0
2425,107400000.0
2426,10100000.0
2427,43900000.0
2428,7808524.0
2429,609.0
2430,58900000.0
2431,95700000.0
2432,44600000.0
2433,9400000.0
2434,19500000.0
2435,50700000.0
2436,8500000.0
2437,2466444.0
2438,28700000.0
2439,407700000.0
2440,9638389.0
2441,8466.0
2442,919800000.0
2443,789000000.0
2444,612000000.0
2445,796700000.0
2446,633000000.0
2447,552600000.0
2448,290600000.0
2449,367300000.0
2450,314100000.0
2451,347500000.0
2452,12000000.0
2453,18490423.0
2454,173000000.0
2455,6500000.0
2456,46500000.0
2457,97446.0
2458,96800000.0
2459,21300000.0
2460,6800000.0
2461,10900000.0
2462,50600000.0
2463,66000000.0
2464,16900000.0
2465,64500000.0
2466,198500000.0
2467,6600000.0
2468,3300000.0
2469,33100000.0
2470,20800000.0
2471,14600000.0
2472,7600000.0
2473,41000000.0
2474,108100000.0
2475,170000000.0
2476,28800000.0
2477,92900000.0
2478,8109999.999999999
2479,102300000.0
2480,74000000.0
2481,65400000.00000001
2482,36100000.0
2483,76700000.0
2484,5923000.0
2485,181200000.0
2486,99800000.0
2487,145500000.0
2488,37600000.0
2489,57223890.0
2490,31500000.0
2491,26000000.0
2492,25800000.0
2493,27400000.0
2494,30400000.0
2495,30000000.0
2496,11300000.0
2497,152200000.0
2498,54700000.0
2499,96500000.0
2500,130300000.0
2501,2707913.0
2502,14581765.0
2503,30000000.0
2504,30000000.0
2505,130000000.0
2506,23400000.0
2507,22200000.0
2508,300200000.0
2509,12500000.0
2510,497400000.0
2511,365727.0
2512,49700000.0
2513,10100000.0
2514,14800000.0
2515,115800000.0
2516,203200000.0
2517,46100000.0
2518,103300000.0
2519,72200000.0
2520,168400000.0
2521,219400000.0
2522,113100000.0
2523,222400000.0
2524,116100000.0
2525,62200000.0
2526,12500000.0
2527,18396382.0
2528,203600000.0
2529,90600000.0
2530,10100000.0
2531,6700000.0
2532,70100000.0
2533,347200000.0
2534,82100000.0
2535,1548955.0
2536,28300000.0
2537,35800000.0
2538,23900000.0
2539,1522377.0
2540,96100000.0
2541,256700000.0
2542,220900000.0
2543,22000000.0
2544,134700000.0
2545,177400000.0
2546,29200000.0
2547,76800000.0
2548,70000000.0
2549,71000000.0
2550,9400000.0
2551,11416075.0
2552,4100000.0
2553,19400000.0
2554,12009070.0
2555,16000000.0
2556,21600000.0
2557,57700000.0
2558,129300000.0
2559,21839377.0
2560,58000000.0
2561,41500000.0
2562,10400000.0
2563,117600000.0
2564,20100000.0
2565,102300000.0
2566,24700000.0
2567,70800000.0
2568,579350.0
2569,62000000.0
2570,14800000.0
2571,3618825.0
2572,170100000.0
2573,51000000.0
2574,187200000.0
2575,109700000.0
2576,15100000.0
2577,23900000.0
2578,124000000.0
2579,103900000.0
2580,2200000.0
2581,35200000.0
2582,62700000.0
2583,116800000.0
2584,24800000.0
2585,265100000.00000003
2586,141100000.0
2587,167300000.0
2588,96600000.0
2589,115500000.0
2590,92900000.0
2591,132000000.0
2592,362000000.0
2593,216800000.0
2594,8400000.0
2595,34500000.0
2596,211500000.0
2597,55000000.0
2598,33900000.0
2599,522700000.00000006
2600,213700000.0
2601,48600000.0
2602,34800000.0
2603,61300000.0
2604,868400000.0
2605,896400000.0
2606,603900000.0
2607,745000000.0
2608,475000000.0
2609,373600000.0
2610,532700000.00000006
2611,487300000.0
2612,371600000.0
2613,562300000.0
2614,91200000.0
2615,76700000.0
2616,57000000.0
2617,90800000.0
2618,35300000.0
2619,97900000.0
2620,154600000.0
2621,12700000.0
2622,127400000.0
2623,67000000.0
2624,47200000.0
2625,52900000.0
2626,33600000.0
2627,230900000.0
2628,59900000.0
2629,29621722.0
2630,50700000.0
2631,21600000.0
2632,95800000.0
2633,21100000.0
2634,198600000.0
2635,77600000.0
2636,260700000.0
2637,27600000.0
2638,164000000.0
2639,101300000.0
2640,103100000.0
2641,61700000.0
2642,1126258.0
2643,37200000.0
2644,160000000.0
2645,28200000.0
2646,50500000.0
2647,119200000.0
2648,1691706.0
2649,108000000.0
2650,162900000.0
2651,4143652.0
2652,42800000.0
2653,104500000.0
2654,71100000.0
2655,101200000.0
2656,70100000.0
2657,36039.0
2658,218100000.0
2659,56100000.0
2660,9400000.0
2661,21100000.0
2662,154700000.0
2663,50900000.0
2664,251495.0
2665,191500000.0
2666,42000000.0
2667,108500000.0
2668,13400000.0
2669,72000000.0
2670,13200000.0
2671,19700000.0
2672,144100000.0
2673,131400000.0
2674,46800000.0
2675,17500000.0
2676,68400000.0
2677,333500000.0
2678,288500000.0
2679,34300000.0
2680,20900000.0
2681,23500000.0
2682,162900000.0
2683,58400000.0
2684,86400000.0
2685,79300000.0
2686,109800000.0
2687,45100000.0
2688,92500000.0
2689,10800000.0
2690,94000000.0
2691,3344431.0
2692,177400000.0
2693,96200000.0
2694,105300000.0
2695,33296457.0
2696,1100000.0
2697,82400000.0
2698,11700000.0
2699,89100000.0
2700,5655459.0
2701,2140000.0
2702,145200000.0
2703,10300000.0
2704,18600000.0
2705,32500000.0
2706,102800000.0
2707,72600000.0
2708,881779.0
2709,118100000.0
2710,223400000.0
2711,17500000.0
2712,50000000.0
2713,15400000.0
2714,61400000.0
2715,44400000.0
2716,1100000.0
2717,40400000.0
2718,192600000.0
2719,15800000.0
2720,83100000.0
2721,30500000.0
2722,18600000.0
2723,23500000.0
2724,52000000.0
2725,46200000.0
2726,689028.0
2727,58700000.0
2728,38000000.0
2729,537667.0
2730,15800000.0
2731,25200000.0
2732,11588205.0
2733,8480000.0
2734,142400000.0
2735,67900000.0
2736,147700000.0
2737,19000000.0
2738,314400000.0
2739,54600000.0
2740,97100000.0
2741,46400000.0
2742,57500000.0
2743,65099999.99999999
2744,187000000.0
2745,6900000.0
2746,10200000.0
2747,10223896.0
2748,50900000.0
2749,121600000.0
2750,31600000.0
2751,72700000.0
2752,52300000.0
2753,178100000.0
2754,94000000.0
2755,92900000.0
2756,135000000.0
2757,204700000.0
2758,162200000.0
2759,131000000.0
2760,40400000.0
2761,15200000.0
2762,37600000.0
2763,27800000.0
2764,49300000.0
2765,38100000.0
2766,88900000.0
2767,85300000.0
2768,3700000.0
2769,6600000.0
2770,82000000.0
2771,42900000.0
2772,110000000.0
2773,43300000.0
2774,28000000.0
2775,11967000.0
2776,113400000.0
2777,454026.0
2778,17600000.0
2779,141500000.0
2780,123300000.0
2781,11400000.0
2782,67099999.99999999
2783,70000000.0
2784,118900000.0
2785,82800000.0
2786,164100000.0
2787,84800000.0
2788,120500000.0
2789,14700000.0
2790,63400000.0
2791,9700000.0
2792,65700000.0
2793,23000000.0
2794,12100000.0
2795,31100000.0
2796,130200000.0
2797,70000000.0
2798,87100000.0
2799,57200000.0
2800,39300000.0
2801,132500000.0
2802,184400000.0
2803,15700000.0
2804,65599999.99999999
2805,27100000.0
2806,21200000.0
2807,38600000.0
2808,660900000.0
2809,12800000.0
2810,65000000.0
2811,18200000.0
2812,56300000.0
2813,7403491.0
2814,66200000.0
2815,178300000.0
2816,102300000.0
2817,16500000.0
2818,78100000.0
2819,19000000.0
2820,87500000.0
2821,31976848.0
2822,76300000.0
2823,29612137.0
2824,3306629.0
2825,8000000.0
2826,398500000.0
2827,38200000.0
2828,181700000.0
2829,760000000.0
2830,340000000.0
2831,18600000.0
2832,460400000.0
2833,205700000.0
2834,120000000.0
2835,462000000.0
2836,26000000.0
2837,159000000.0
2838,143300000.0
2839,115000000.0
2840,99300000.0
2841,240700000.0
2842,21353303.0
2843,391100000.0
2844,326700000.0
2845,1066000000.0
2846,104000000.0
2847,130400000.0
2848,27000000.0
2849,72800000.0
2850,141900000.0
2851,61000000.0
2852,101000000.0
2853,55200000.0
2854,68800000.0
2855,164200000.0
2856,116500000.0
2857,10639686.0
2858,163400000.0
2859,163200000.0
2860,30000000.0
2861,114200000.0
2862,12500000.0
2863,38600000.0
2864,87800000.0
2865,16900000.0
2866,62000000.0
2867,7353118.0
2868,20400000.0
2869,13100000.0
2870,12600000.0
2871,58500000.0
2872,42900000.0
2873,7009668.0
2874,495303.0
2875,38800000.0
2876,49300000.0
2877,37600000.0
2878,16600000.000000002
2879,41000000.0
2880,15800000.0
2881,9500000.0
2882,17800000.0
2883,84600000.0
2884,10200000.0
2885,95000000.0
2886,200800000.0
2887,23947685.0
2888,291500000.0
2889,38400000.0
2890,51800000.0
2891,70700000.0
2892,41200000.0
2893,22200000.0
2894,13700000.0
2895,65900000.00000001
2896,21893591.0
2897,60900000.0
2898,109700000.0
2899,135300000.0
2900,5724236.0
2901,7000000.0
2902,164900000.0
2903,262600000.00000003
2904,178000000.0
2905,110800000.0
2906,8900000.0
2907,42100000.0
2908,6000000.0
2909,11992014.0
2910,53700000.0
2911,20700000.0
2912,616500000.0
2913,5900000.0
2914,384300000.0
2915,4630000.0
2916,1400000.0
2917,46800000.0
2918,180600000.0
2919,16000000.0
2920,13900000.0
2921,46400000.0
2922,14700000.0
2923,6100000.0
2924,35900000.0
2925,120700000.0
2926,171700000.0
2927,205100000.0
2928,21900000.0
2929,150000000.0
2930,155400000.0
2931,250400000.0
2932,6000000.0
2933,307100000.0
2934,68700000.0
2935,156200000.0
2936,100300000.0
2937,574500000.0
2938,43500000.0
2939,21500000.0
2940,70000000.0
2941,10337477.0
2942,43100000.0
2943,38000000.0
2944,135000000.0
2945,1400000.0
2946,32100000.0
2947,15291277.0
2948,75500000.0
2949,25400000.0
2950,6300000.0
2951,16000000.0
2952,86900000.0
2953,1220058.0
2954,57300000.0
2955,69500000.0
2956,55000000.0
2957,82200000.0
2958,159300000.0
2959,31600000.0
2960,145900000.0
2961,1736394.0
2962,41000000.0
2963,137600000.0
2964,228700000.0
2965,4200000.0
2966,11100000.0
2967,77600000.0
2968,22000000.0
2969,10900000.0
2970,253600000.0
2971,84700000.0
2972,456100000.0
2973,3400000.0
2974,22400000.0
2975,13196245.0
2976,84100000.0
2977,37600000.0
2978,27500000.0
2979,7100000.0
2980,22200000.0
2981,95700000.0
2982,95600000.0
2983,145700000.0
2984,5400000.0
2985,169300000.0
2986,58400000.0
2987,17299151.0
2988,62800000.0
2989,25400000.0
2990,11772461.0
2991,265198.0
2992,5500000.0
2993,118100000.0
2994,2500000.0
2995,30800000.0
2996,73100000.0
2997,8300000.000000001
2998,1797256.0
2999,1604168.0
3000,92000000.0
3001,80700000.0
3002,17600000.0
3003,35300000.0
3004,8600000.0
3005,26800000.0
3006,4700000.0
3007,76100000.0
3008,22000000.0
3009,9100000.0
3010,8400000.0
3011,895000000.0
3012,64200000.0
3013,8729473.0
3014,5178640.0
3015,24900000.0
3016,499620.0
3017,23300000.0
3018,27000000.0
3019,813400000.0
3020,153169.0
3021,9900000.0
3022,8100000.0
3023,961000000.0
3024,38862712.0
3025,3826568.0
3026,219900000.0
3027,48100000.0
3028,35600000.0
3029,86300000.0
3030,311700000.0
3031,149000000.0
3032,7700000.0
3033,301900000.0
3034,30700000.0
3035,133000000.0
3036,173400000.0
3037,18935657.0
3038,3700000.0
3039,388200000.0
3040,20016753.0
3041,620700000.0
3042,36000000.0
3043,70200000.0
3044,709700000.0
3045,7200000.0
3046,719968.0
3047,2850927.0
3048,942000000.0
3049,10900000.0
3050,4800000.0
3051,203500000.0
3052,187100000.0
3053,32000000.0
3054,9700000.0
3055,92600000.0
3056,536400000.0
3057,5700000.0
3058,39400000.0
3059,444100000.0
3060,26000000.0
3061,14300000.0
3062,65300000.0
3063,18200000.0
3064,258100000.00000003
3065,3269736.0
3066,137000000.0
3067,40200000.0
3068,25670000.0
3069,170800000.0
3070,232200000.0
3071,47.7
3072,3242427.0
3073,1066555.0
3074,40700000.0
3075,41100000.0
3076,17000000.0
3077,80400000.0
3078,71200000.0
3079,1000000.0
3080,208550.0
3081,969869.0
3082,26800000.0
3083,29600000.0
3084,69000000.0
3085,56100000.0
3086,29500000.0
3087,33600000.0
3088,15000000.0
3089,59800000.0
3090,56800000.0
3091,7200000.0
3092,150000000.0
3093,13600000.0
3094,5741608.0
3095,146600000.0
3096,87000000.0
3097,35000000.0
3098,6451106.0
3099,128500000.0
3100,93000000.0
3101,31400740.0
3102,75800000.0
3103,1159691.0
3104,11300000.0
3105,4872444.0
3106,55000000.0
3107,55900000.0
3108,75500000.0
3109,13500000.0
3110,34600000.0
3111,27000000.0
3112,1800000.0
3113,858415.0
3114,1000000.0
3115,8500000.0
3116,25000000.0
3117,68400000.0
3118,139400000.0
3119,266500000.0
3120,293600000.0
3121,9400000.0
3122,97800000.0
3123,63200000.0
3124,171600000.0
3125,7700000.0
3126,374743.0
3127,196400000.0
3128,31000000.0
3129,2900000.0
3130,69500000.0
3131,65300000.0
3132,340500000.0
3133,101300000.0
3134,11700000.0
3135,57300000.0
3136,49800000.0
3137,10600000.0
3138,32700000.000000004
3139,231400000.0
3140,131000000.0
3141,372200000.0
3142,1100000.0
3143,6700000.0
3144,5800000.0
3145,361300000.0
3146,585300000.0
3147,73200000.0
3148,2600000.0
3149,119500000.0
3150,459200000.0
3151,156800000.0
3152,153400000.0
3153,20600000.0
3154,130200000.0
3155,175400000.0
3156,30200000.0
3157,29100000.0
3158,104000000.0
3159,76200000.0
3160,78600000.0
3161,45800000.0
3162,38800000.0
3163,13100000.0
3164,13200000.0
3165,162700000.0
3166,22539685.0
3167,172400000.0
3168,26400000.0
3169,2340110.0
3170,8533187.0
3171,84600000.0
3172,113200000.0
3173,52700000.0
3174,133000000.0
3175,56960000.0
3176,70600000.0
3177,21458111.0
3178,6900000.0
3179,1006.0
3180,111000000.0
3181,34500000.0
3182,43650785.0
3183,603894.0
3184,55600000.0
3185,225100000.0
3186,164200000.0
3187,150800000.0
3188,5300000.0
3189,30600000.0
3190,5200000.0
3191,26200000.0
3192,152000000.0
3193,4161625.0
3194,1338570.0
3195,2600000.0
3196,80700000.0
3197,21200000.0
3198,43900000.0
3199,269800000.0
3200,51500000.0
3201,2843997.0
3202,16724933.0
3203,4500000.0
3204,402858.0
3205,22500000.0
3206,298600000.0
3207,41600000.0
3208,49700000.0
3209,114669.0
3210,42000000.0
3211,48000000.0
3212,23300000.0
3213,159800000.0
3214,187488.0
3215,33500000.0
3216,11200000.0
3217,71200000.0
3218,41300000.0
3219,22000000.0
3220,100100000.0
3221,22800000.0
3222,15773351.0
3223,687229.0
3224,57200000.0
3225,11839695.0
3226,66500000.0
3227,18100000.0
3228,32600000.0
3229,7700000.0
3230,128000000.0
3231,105800000.0
3232,7248490.0
3233,384955.0
3234,64400000.00000001
3235,17000000.0
3236,43500000.0
3237,4600000.0
3238,10100000.0
3239,393813.0
3240,585300000.0
3241,106400000.0
3242,2700000.0
3243,8142237.0
3244,3700000.0
3245,93900000.0
3246,219300000.0
3247,419700000.0
3248,790700000.0
3249,1296184.0
3250,418800000.0
3251,82400000.0
3252,2710161.0
3253,26500000.0
3254,408709.0
3255,204300000.0
3256,8221700.0
3257,163400000.0
3258,264800000.0
3259,11864.0
3260,3800000.0
3261,230700000.0
3262,17700000.0
3263,40900000.0
3264,77410.0
3265,521300000.0
3266,341400000.0
3267,629400000.0
3268,3200000.0
3269,168300000.0
3270,244200000.0
3271,50700000.0
3272,473993.0
3273,1005000000.0
3274,615700000.0
3275,64800000.0
3276,13500000.0
3277,128100000.0
3278,68400000.0
3279,6000000.0
3280,3500000.0
3281,403400000.0
3282,17600000.0
3283,102400000.0
3284,44300000.0
3285,667000.0
3286,14894347.0
3287,390128.0
3288,58776.0
3289,195700000.0
3290,41700000.0
3291,1879368.0
3292,78100000.0
3293,68300000.0
3294,96400000.0
3295,8800000.0
3296,76000000.0
3297,4900000.0
3298,70400000.0
3299,11800000.0
3300,27600000.0
3301,72100000.0
3302,6265483.0
3303,34800000.0
3304,7300000.0
3305,42500000.0
3306,52132.0
3307,163700000.0
3308,37100000.0
3309,131357.0
3310,675662.0
3311,50000000.0
3312,27700000.0
3313,886461.0
3314,43300000.0
3315,27100000.0
3316,131961.0
3317,30700000.0
3318,44700000.0
3319,41600000.0
3320,3982459.0
3321,178800000.0
3322,33500000.0
3323,266967.0
3324,9300000.0
3325,84400000.0
3326,7000000.0
3327,149300000.0
3328,4800000.0
3329,19200000.0
3330,33500000.0
3331,17500000.0
3332,13900000.0
3333,25000000.0
3334,118600000.0
3335,17900000.0
3336,9800000.0
3337,41300000.0
3338,354628.0
3339,85800000.0
3340,275776.0
3341,40000000.0
3342,18800000.0
3343,29500000.0
3344,6700000.0
3345,113400000.0
3346,252900000.0
3347,5800000.0
3348,31148328.0
3349,113900000.0
3350,4500000.0
3351,15400000.0
3352,507534.0
3353,42800000.0
3354,44100000.0
3355,603900000.0
3356,188126.0
3357,92400000.0
3358,12300000.0
3359,378100000.0
3360,589600000.0
3361,310000000.0
3362,7202.0
3363,407100000.0
3364,211300000.0
3365,163700000.0
3366,54600000.0
3367,109000000.0
3368,8900000.0
3369,81338.0
3370,27400000.0
3371,545582.0
3372,10100000.0
3373,108900000.0
3374,1400000.0
3375,233100000.0
3376,694782.0
3377,50900000.0
3378,270000000.0
3379,7519490.0
3380,564474.0
3381,44700000.0
3382,409832.0
3383,86900000.0
3384,223200000.0
3385,212900000.0
3386,335800000.0
3387,32500000.0
3388,247800000.0
3389,39000000.0
3390,201500000.0
3391,11125849.0
3392,76000000.0
3393,51200000.0
3394,114700000.0
3395,10726909.0
3396,76500000.0
3397,12861502.0
3398,117000000.0
3399,100700000.0
3400,44400000.0
3401,183300000.0
3402,62450361.0
3403,2900000.0
3404,682173.0
3405,7033683.0
3406,91400000.0
3407,8700000.0
3408,28700000.0
3409,30000000.0
3410,226800000.0
3411,42700000.0
3412,124600000.0
3413,960828.0
3414,178900000.0
3415,76000000.0
3416,48900000.0
3417,108300000.0
3418,92700000.0
3419,46700000.0
3420,60200000.0
3421,7000000.0
3422,16300000.0
3423,951380.0
3424,18500000.0
3425,90500000.0
3426,3500000.0
3427,2186782.0
3428,104000000.0
3429,23100000.0
3430,659483.0
3431,12800000.0
3432,7500000.0
3433,2400000.0
3434,13282.0
3435,1100000.0
3436,185300000.0
3437,45200000.0
3438,4600000.0
3439,106400000.0
3440,18728.0
3441,17300000.0
3442,1755134.0
3443,78100000.0
3444,1000000.0
3445,92000000.0
3446,183700000.0
3447,7000000.0
3448,30955.0
3449,17300000.0
3450,741557.0
3451,15078.0
3452,77000000.0
3453,381500000.0
3454,17200000.0
3455,388174.0
3456,363200000.0
3457,165888.0
3458,12900000.0
3459,1144438.0
3460,526245.0
3461,58200000.0
3462,170000000.0
3463,80238.0
3464,27000000.0
3465,139000000.0
3466,34600000.0
3467,2443479.0
3468,3252671.0
3469,6628437.0
3470,107559.0
3471,88800000.0
3472,109000000.0
3473,124023.0
3474,32400000.0
3475,2100000.0
3476,73800000.0
3477,38300000.0
3478,942049.0
3479,6100000.0
3480,102400000.0
3481,2000000.0
3482,322581.0
3483,192451.0
3484,6671.0
3485,373100000.0
3486,1327897.0
3487,767567.0
3488,10027047.0
3489,287198.0
3490,11200000.0
3491,385700000.0
3492,485900000.0
3493,5500000.0
3494,2400000.0
3495,142055.0
3496,2700000.0
3497,1400000.0
3498,371400000.0
3499,32000000.0
3500,1000000.0
3501,64400000.00000001
3502,413100000.0
3503,216262.0
3504,70000000.0
3505,90800000.0
3506,735100000.0
3507,5290.0
3508,14900000.0
3509,469300000.0
3510,68800000.0
3511,20500000.0
3512,16100.0
3513,4600000.0
3514,23000000.0
3515,9800000.0
3516,150000000.0
3517,2200000.0
3518,317400000.0
3519,35100000.0
3520,62400000.0
3521,836300000.0
3522,9300000.0
3523,49200000.0
3524,92700000.0
3525,1100000.0
3526,1138322.0
3527,886000000.0
3528,3510643.0
3529,214100000.0
3530,5874530.0
3531,138800000.0
3532,16399999.999999998
3533,60700000.0
3534,934300000.0
3535,8500000.0
3536,47865.0
3537,292800000.0
3538,7790000.0
3539,78800000.0
3540,205300000.0
3541,2600000.0
3542,57900000.0
3543,9440000.0
3544,1140043.0
3545,71600000.0
3546,1023416.0
3547,302500000.0
3548,8050.0
3549,129500000.0
3550,1286744.0
3551,22852638.0
3552,12000000.0
3553,210800000.0
3554,23179.0
3555,15300000.0
3556,1807506.0
3557,12032983.0
3558,101300000.0
3559,100177.0
3560,87906.0
3561,321500000.0
3562,390584.0
3563,3026272.0
3564,6414729.0
3565,29000000.0
3566,295750.0
3567,1472747.0
3568,234540.0
3569,186200000.0
3570,39400000.0
3571,89442.0
3572,6325313.0
3573,10000000.0
3574,41711.0
3575,40100000.0
3576,46514.0
3577,2147715.0
3578,5800000.0
3579,10800000.0
3580,42000000.0
3581,137630.0
3582,48400000.0
3583,3992844.0
3584,2100000.0
3585,51700000.0
3586,27200000.0
3587,17800000.0
3588,1400000.0
3589,14400000.0
3590,5500000.0
3591,243000000.0
3592,41800000.0
3593,31600000.0
3594,36100000.0
3595,23300000.0
3596,1264275.0
3597,27100000.0
3598,3185839.0
3599,27935.0
3600,50800000.0
3601,77200000.0
3602,1430000.0
3603,1100000.0
3604,20600000.0
3605,193400000.0
3606,122400000.0
3607,3037011.0
3608,17400000.0
3609,20776.0
3610,960387.0
3611,31400000.0
3612,16600000.000000002
3613,102400000.0
3614,2300000.0
3615,171800000.0
3616,4100000.0
3617,26100000.0
3618,721108.0
3619,549495.0
3620,4028558.0
3621,296557.0
3622,10069.0
3623,126700000.0
3624,31100000.0
3625,100100000.0
3626,19600000.0
3627,7400000.0
3628,42000000.0
3629,39200000.0
3630,726354.0
3631,8936663.0
3632,68200000.0
3633,230600.0
3634,64040.0
3635,261200000.0
3636,10600000.0
3637,118192.0
3638,101215.0
3639,33300000.0
3640,325000000.0
3641,47700000.0
3642,69000000.0
3643,63600000.0
3644,281350.0
3645,791200000.0
3646,46500000.0
3647,1500000.0
3648,36689.0
3649,31900000.0
3650,10600000.0
3651,309200000.0
3652,37400000.0
3653,8494434.0
3654,105600000.0
3655,711000000.0
3656,2300000.0
3657,61600000.0
3658,96800000.0
3659,27600000.0
3660,2800000.0
3661,23700000.0
3662,43500000.0
3663,15900000.0
3664,408229.0
3665,166800000.0
3666,122200000.0
3667,93600000.0
3668,269000000.0
3669,25000000.0
3670,47400000.0
3671,2811000000.0
3672,85300000.0
3673,54000000.0
3674,443100000.0
3675,13600000.0
3676,224600000.0
3677,524000000.0
3678,51400000.0
3679,32600000.0
3680,19700000.0
3681,514537.0
3682,88335.0
3683,9309.0
3684,157100000.0
3685,45200000.0
3686,247553.0
3687,5900000.0
3688,15000000.0
3689,67900000.0
3690,112500000.0
3691,1500000.0
3692,3780975.0
3693,81100000.0
3694,43000000.0
3695,515065.0
3696,102647.0
3697,2200000.0
3698,115000000.0
3699,52826594.0
3700,14100000.0
3701,276576.0
3702,3800000.0
3703,5461200.0
3704,165000.0
3705,226400000.0
3706,216500000.0
3707,142600000.0
3708,530000.0
3709,60200000.0
3710,299500000.0
3711,106460.0
3712,22464.0
3713,55600000.0
3714,55000000.0
3715,44462.0
3716,225000.0
3717,17900000.0
3718,318623.0
3719,1025000000.0
3720,36400000.0
3721,94900000.0
3722,21409028.0
3723,56000000.0
3724,49800000.0
3725,7943.0
3726,136300000.0
3727,75700000.0
3728,18400000.0
3729,7875862.0
3730,7400000.0
3731,73600000.0
3732,4600000.0
3733,64599999.99999999
3734,494900000.0
3735,13600000.0
3736,84918.0
3737,89000000.0
3738,493200000.0
3739,60700000.0
3740,335976.0
3741,152300000.0
3742,2908893.0
3743,2002618.0
3744,224409.0
3745,1200000.0
3746,49100000.0
3747,96200000.0
3748,1163967.0
3749,1400000.0
3750,5308618.0
3751,7000000.0
3752,3878993.0
3753,82700000.0
3754,77500000.0
3755,29900000.0
3756,23889.0
3757,47527.0
3758,13514.0
3759,252207.0
3760,36200000.0
3761,115600000.0
3762,343818.0
3763,10300000.0
3764,4600000.0
3765,1000000.0
3766,440000.0
3767,623900000.0
3768,32307.0
3769,4000000.0
3770,21800000.0
3771,21500000.0
3772,80000000.0
3773,321700000.0
3774,33217.0
3775,18000.0
3776,11546932.0
3777,883887.0
3778,116353.0
3779,9300000.0
3780,752600000.0
3781,48330000.0
3782,160430.0
3783,294600000.0
3784,336400000.0
3785,39000000.0
3786,1200000.0
3787,16700000.0
3788,386078.0
3789,91700000.0
3790,98000000.0
3791,83800000.0
3792,1644755.0
3793,177200000.0
3794,359100000.0
3795,6200000.0
3796,2900000.0
3797,54543.0
3798,16100000.000000002
3799,11000000.0
3800,1067000000.0
3801,100280.0
3802,10062896.0
3803,15100000.0
3804,3977192.0
3805,286000000.0
3806,262000000.0
3807,271400000.0
3808,1436391.0
3809,4800000.0
3810,698400000.0
3811,137885.0
3812,319700000.0
3813,17921.0
3814,127200000.0
3815,34700000.0
3816,67099999.99999999
3817,18400000.0
3818,276694.0
3819,215300000.0
3820,836800000.0
3821,30738.0
3822,550418.0
3823,27300000.0
3824,293500000.0
3825,288000.0
3826,7400000.0
3827,744816.0
3828,112500000.0
3829,48200000.0
3830,86900000.0
3831,11777.0
3832,457867.0
3833,9700000.0
3834,10000.0
3835,4300000.0
3836,170900000.0
3837,159200000.0
3838,1995012.0
3839,754301.0
3840,3251706.0
3841,2648195.0
3842,873594.0
3843,204600000.0
3844,274500000.0
3845,48100000.0
3846,7200000.0
3847,75500000.0
3848,81400000.0
3849,311542.0
3850,24700000.0
3851,93200000.0
3852,83100000.0
3853,49900000.0
3854,4400000.0
3855,798940.0
3856,814906.0
3857,67700000.0
3858,69100000.0
3859,6168898.0
3860,46300000.0
3861,67900000.0
3862,42100000.0
3863,44100000.0
3864,300200000.0
3865,636706.0
3866,50500000.0
3867,62600000.0
3868,75000000.0
3869,154000000.0
3870,3500000.0
3871,619570.0
3872,1018753.0
3873,34300000.0
3874,140100000.0
3875,134700000.0
3876,32000000.0
3877,21300000.0
3878,352810.0
3879,28200000.0
3880,156190.0
3881,24100000.0
3882,224900000.0
3883,6500000.0
3884,105700000.0
3885,21500000.0
3886,60300000.0
3887,572809.0
3888,7900000.0
3889,6600000.0
3890,9479718.0
3891,3500000.0
3892,171700000.0
3893,199000000.0
3894,11100000.0
3895,105200000.0
3896,177500000.0
3897,136100000.0
3898,43500000.0
3899,4240000.0
3900,211800000.0
3901,24200000.0
3902,38000000.0
3903,321900000.0
3904,60700000.0
3905,4700000.0
3906,35556.0
3907,60000000.0
3908,68300000.0
3909,167800000.0
3910,976900000.0
3911,67400000.0
3912,12300000.0
3913,90600000.0
3914,35600000.0
3915,102800000.0
3916,592400000.0
3917,20500000.0
3918,427400000.0
3919,330000000.0
3920,20700000.0
3921,11087569.0
3922,415000000.0
3923,278300000.0
3924,706546.0
3925,346594.0
3926,129200000.0
3927,48700000.0
3928,400100000.0
3929,203500000.0
3930,1100000.0
3931,5100000.0
3932,310700000.0
3933,252300000.0
3934,13900000.0
3935,237400000.0
3936,6000000.0
3937,18100000.0
3938,24700000.0
3939,16600000.000000002
3940,1200000.0
3941,91600000.0
3942,227800000.0
3943,149200000.0
3944,8500000.0
3945,69700000.0
3946,21200000.0
3947,172935.0
3948,3400000.0
3949,834953.0
3950,769552.0
3951,13100000.0
3952,11900000.0
3953,4800000.0
3954,3700000.0
3955,700000.0
3956,6861102.0
3957,193900000.0
3958,842693.0
3959,1900000.0
3960,408015.0
3961,5000000.0
3962,19500000.0
3963,96600000.0
3964,76300000.0
3965,108600000.0
3966,141358.0
3967,52500000.0
3968,25517.0
3969,215000000.0
3970,38000000.0
3971,99000000.0
3972,369129.0
3973,127900000.0
3974,1072602.0
3975,245700000.0
3976,24400000.0
3977,136100000.0
3978,82300000.0
3979,150000000.0
3980,41000000.0
3981,83200000.0
3982,7400000.0
3983,43200000.0
3984,90200000.0
3985,211800000.0
3986,161800000.0
3987,35000000.0
3988,87100000.0
3989,39200000.0
3990,147300000.0
3991,130839.0
3992,132160.0
3993,7300000.0
3994,5800000.0
3995,484600000.0
3996,72400000.0
3997,90000000.0
3998,185000000.0
3999,8020.0
4000,65300000.0
4001,48100000.0
4002,47100000.0
4003,28000000.0
4004,97100000.0
4005,4600000.0
4006,626100000.0
4007,50100000.0
4008,449300000.0
4009,30900000.0
4010,54200000.0
4011,117100000.0
4012,16000000.0
4013,288400000.0
4014,10700000.0
4015,7579282.0
4016,37700000.0
4017,1046000000.0
4018,154100000.0
4019,163265.0
4020,10800000.0
4021,427815.0
4022,78300000.0
4023,2000000.0
4024,133400000.0
4025,61700000.0
4026,21000000.0
4027,21800000.0
4028,30800000.0
4029,81400000.0
4030,665700000.0
4031,353600000.0
4032,586800000.0
4033,15000000.0
4034,17000000.0
4035,260100000.00000003
4036,2552478.0
4037,563700000.0
4038,216200000.0
4039,219900000.0
4040,187400000.0
4041,562100000.0
4042,1124000000.0
4043,1759252.0
4044,16800000.0
4045,72000000.0
4046,209600000.0
4047,39700000.0
4048,5500000.0
4049,1342000000.0
4050,1200326.0
4051,410077.0
4052,169800000.0
4053,370600000.0
4054,150400000.0
4055,174800000.0
4056,63400000.0
4057,145000000.0
4058,157900000.0
4059,75500000.0
4060,481800000.0
4061,18700000.0
4062,9100000.0
4063,56700000.0
4064,216600000.0
4065,63500000.0
4066,40500000.0
4067,41000000.0
4068,88000000.0
4069,85600000.0
4070,90100000.0
4071,35200000.0
4072,76300000.0
4073,30700000.0
4074,132200000.0
4075,2000000.0
4076,8500000.0
4077,26200000.0
4078,27400000.0
4079,4400000.0
4080,41400000.0
4081,136500000.0
4082,20400000.0
4083,81200000.0
4084,15400000.0
4085,1730824.0
4086,299300000.0
4087,4900000.0
4088,662000.0
4089,3200000.0
4090,4600000.0
4091,9300000.0
4092,2500000.0
4093,13000000.0
4094,110200000.0
4095,23300000.0
4096,1300000.0
4097,177200000.0
4098,7000000.0
4099,56400000.0
4100,1941667.0
4101,1567905.0
4102,34600000.0
4103,11882191.0
4104,26900000.0
4105,1700000.0
4106,41100000.0
4107,215026.0
4108,4400000.0
4109,160100000.0
4110,108139.0
4111,31400000.0
4112,11200000.0
4113,80634.0
4114,142000.0
4115,95900000.0
4116,40000000.0
4117,623292.0
4118,30400000.0
4119,28102.0
4120,63500000.0
4121,35000000.0
4122,185800000.0
4123,31500000.0
4124,30100000.0
4125,7448385.0
4126,207000000.0
4127,1017579.0
4128,9600.0
4129,374000000.0
4130,555000000.0
4131,152900000.0
4132,174000000.0
4133,5300000.0
4134,712200000.0
4135,360000000.0
4136,84900000.0
4137,165200000.0
4138,36200000.0
4139,33400000.0
4140,147000000.0
4141,226900000.0
4142,149700000.0
4143,150400000.0
4144,136800000.0
4145,694700000.0
4146,142000000.0
4147,34900000.0
4148,22900000.0
4149,81200000.0
4150,232600000.0
4151,342700000.0
4152,545400000.0
4153,64599999.99999999
4154,1100000.0
4155,120100000.0
4156,55200000.0
4157,177600000.0
4158,115900000.0
4159,101800000.0
4160,96300000.0
4161,31200000.0
4162,45765.0
4163,50400000.0
4164,160100000.0
4165,46200000.0
4166,38100000.0
4167,5900000.0
4168,3785593.0
4169,24700000.0
4170,126600000.0
4171,129000000.0
4172,335000000.0
4173,208100000.0
4174,196100000.0
4175,146000000.0
4176,132600000.0
4177,156500000.0
4178,81300000.0
4179,18100000.0
4180,35600000.0
4181,24200000.0
4182,348800000.0
4183,102700000.0
4184,540152.0
4185,201436.0
4186,284100000.0
4187,22000000.0
4188,201600000.0
4189,8041667.0
4190,694400000.0
4191,14700000.0
4192,183000000.0
4193,302000000.0
4194,235000000.0
4195,32200000.000000004
4196,54800000.0
4197,34800000.0
4198,99400000.0
4199,96100000.0
4200,793815.0
4201,1412124.0
4202,53900000.0
4203,123000000.0
4204,29700000.0
4205,40600000.0
4206,1519000000.0
4207,245500000.0
4208,179400000.0
4209,25800000.0
4210,303000000.0
4211,84400000.0
4212,56491.0
4213,1832541.0
4214,9504139.0
4215,18464.0
4216,18395.0
4217,20600000.0
4218,12728.0
4219,37200000.0
4220,624000000.0
4221,68300000.0
4222,108541.0
4223,396600000.0
4224,8500000.0
4225,746900000.0
4226,403400000.0
4227,455754.0
4228,4400000.0
4229,59400000.0
4230,57700000.0
4231,116400000.0
4232,540400000.0
4233,9600000.0
4234,71968.0
4235,73200000.0
4236,23300000.0
4237,66900000.00000001
4238,167200000.0
4239,12600000.0
4240,549400000.0
4241,190.0
4242,388722.0
4243,757900000.0
4244,32700000.000000004
4245,83000000.0
4246,877200000.0
4247,6400000.0
4248,2000000.0
4249,1081000000.0
4250,2400000.0
4251,9100000.0
4252,140400000.0
4253,68300000.0
4254,9100000.0
4255,77100000.0
4256,198500000.0
4257,3600000.0
4258,114300000.0
4259,276100000.0
4260,104900000.0
4261,1653792.0
4262,56000000.0
4263,320000000.0
4264,315000000.0
4265,107100000.0
4266,24000000.0
4267,592116.0
4268,6100000.0
4269,4900000.0
4270,16800000.0
4271,9627492.0
4272,31100000.0
4273,54400000.0
4274,1100000.0
4275,82900000.0
4276,1251749.0
4277,25400000.0
4278,16399999.999999998
4279,68900000.0
4280,356000.0
4281,970000000.0
4282,240200000.0
4283,35500000.0
4284,28300000.0
4285,18000000.0
4286,29900000.0
4287,41500000.0
4288,57600000.0
4289,44100000.0
4290,49000000.0
4291,33400000.0
4292,176500000.0
4293,5800000.0
4294,244092.0
4295,81500000.0
4296,115400000.0
4297,376100000.0
4298,3780000.0
4299,232300000.0
4300,73100000.0
4301,33000000.0
4302,87700000.0
4303,25342.0
4304,499725.0
4305,4200000.0
4306,34600000.0
4307,142800000.0
4308,10700000.0
4309,7900000.0
4310,130500000.0
4311,11400000.0
4312,56000000.0
4313,1109000000.0
4314,197857.0
4315,161800000.0
4316,20500000.0
4317,471200000.0
4318,1600000.0
4319,8038792.0
4320,11647000.0
4321,275300000.0
4322,829700000.0
4323,1331836.0
4324,236400000.0
4325,609000000.0
4326,50900000.0
4327,306900000.0
4328,27000000.0
4329,37900000.0
4330,27800000.0
4331,170922.0
4332,1900000.0
4333,50292.0
4334,8900000.0
4335,1576687.0
4336,1017000000.0
4337,41900000.0
4338,132800000.0
4339,34000000.0
4340,218300000.0
4341,88100000.0
4342,198100000.0
4343,610792.0
4344,425400000.0
4345,441800000.0
4346,119800000.0
4347,310154.0
4348,59520298.0
4349,12300000.0
4350,5750.0
4351,47200000.0
4352,105200000.0
4353,60100000.0
4354,10100000.0
4355,31150000.0
4356,28378.0
4357,226300000.0
4358,34700000.0
4359,48300000.0
4360,156996.0
4361,146400000.0
4362,1463.0
4363,141951.0
4364,5661.0
4365,32400000.0
4366,46200000.0
4367,4917.0
4368,7539438.0
4369,529014.0
4370,22600000.0
4371,5100000.0
4372,521181.0
4373,5100000.0
4374,117000000.0
4375,210565.0
4376,28200000.0
4377,174000000.0
4378,66700000.0
4379,60100000.0
4380,304700000.0
4381,97600000.0
4382,74600000.0
4383,1553826.0
4384,27800000.0
4385,57900000.0
4386,2700000.0
4387,48100000.0
4388,197700000.0
4389,25000000.0
4390,1200000.0
4391,12100000.0
4392,18100000.0
4393,14858240.0
4394,21200000.0
4395,493300000.0
4396,1655620.0
4397,68600000.0
4398,27400000.0
4399,31700000.0
4400,18637201.0
4401,587200000.0
4402,228004.0
4403,16769.0
4404,170300000.0
4405,375700000.0
4406,24300000.0
4407,63300000.0
4408,47000000.0
4409,53100000.0
4410,46021.0
4411,51200000.0
4412,413733.0
4413,97500000.0
4414,584881.0
4415,287900000.0
4416,97500000.0
4417,3400000.0
4418,60818.0
4419,78400000.0
4420,189739.0
4421,2861020.0
4422,1500000.0
4423,487455.0
4424,1215000000.0
4425,207853.0
4426,46500000.0
4427,603119.0
4428,32600000.0
4429,86200000.0
4430,11157.0
4431,4600000.0
4432,14752.0
4433,54600000.0
4434,2700000.0
4435,467400000.0
4436,294696.0
4437,384000000.0
4438,353600000.0
4439,74918.0
4440,9300000.0
4441,320013.0
4442,788700000.0
4443,11300000.0
4444,2100000.0
4445,362000000.0
4446,23300000.0
4447,268400000.0
4448,10600000.0
4449,243800000.0
4450,828284.0
4451,2400000.0
4452,1400000.0
4453,351700000.0
4454,8437.0
4455,93500000.0
4456,5300000.0
4457,27160.0
4458,126000000.0
4459,20000000.0
4460,668000000.0
4461,488.0
4462,743600000.0
4463,540000000.0
4464,6388.0
4465,171740.0
4466,229900000.0
4467,12600000.0
4468,205400000.0
4469,970800000.0
4470,32300000.0
4471,260500000.0
4472,7800000.0
4473,641.0
4474,977671.0
4475,26900000.0
4476,16757.0
4477,17400000.0
4478,247000000.0
4479,39881.0
4480,411000000.0
4481,805574.0
4482,32300000.0
4483,282600000.0
4484,319500000.0
4485,28000000.0
4486,2600000.0
4487,78300000.0
4488,148100000.0
4489,46100000.0
4490,414800000.0
4491,99100000.0
4492,3000000.0
4493,3900000.0
4494,347500000.0
4495,131900000.0
4496,265670.0
4497,125687.0
4498,6900000.0
4499,200900000.0
4500,270000000.0
4501,286100000.0
4502,239300000.0
4503,60800000.0
4504,1000000.0
4505,176600000.0
4506,42100000.0
4507,16300000.0
4508,95300000.0
4509,343341.0
4510,2300000.0
4511,6300000.0
4512,68500000.0
4513,11800000.0
4514,1200000.0
4515,88500000.0
4516,8785.0
4517,98300000.0
4518,36128.0
4519,74200000.0
4520,78400000.0
4521,161900000.0
4522,16500000.0
4523,25600000.0
4524,122100000.0
4525,98200000.0
4526,22500000.0
4527,274300000.0
4528,61300000.0
4529,7900000.0
4530,62700000.0
4531,2507106.0
4532,723200000.0
4533,137300000.0
4534,220600000.0
4535,8600000.0
4536,15000000.0
4537,187700000.0
4538,84800000.0
4539,2500000.0
4540,644800000.0
4541,660000.0
4542,19500000.0
4543,71000000.0
4544,151800000.0
4545,55700000.0
4546,125500000.0
4547,110400000.0
4548,134400000.0
4549,76600000.0
4550,865000000.0
4551,71600000.0
4552,2500000.0
4553,1280000000.0
4554,4105.0
4555,53100000.0
4556,27700000.0
4557,100100000.0
4558,173600000.0
4559,7500000.0
4560,26600000.0
4561,51700000.0
4562,5200000.0
4563,28000000.0
4564,958400000.0
4565,33000000.0
4566,24084.0
4567,15700000.0
4568,3338.0
4569,251200000.0
4570,53400000.0
4571,117900000.0
4572,392000000.0
4573,48300000.0
4574,126500000.0
4575,151800000.0
4576,44900000.0
4577,188300000.0
4578,154800000.0
4579,547400000.0
4580,755400000.0
4581,772800000.0
4582,714400000.0
4583,468100000.0
4584,956000000.0
4585,1104000000.0
4586,758500000.0
4587,746000000.0
4588,657800000.0
4589,90900000.0
4590,489812.0
4591,61300000.0
4592,36900000.0
4593,135500000.0
4594,120900000.0
4595,154500000.0
4596,76800000.0
4597,500543.0
4598,20200000.0
4599,40500000.0
4600,155000000.0
4601,80231.0
4602,13769.0
4603,15400000.0
4604,49000000.0
4605,19731.0
4606,34700000.0
4607,242600000.0
4608,52600000.0
4609,15071.0
4610,461780.0
4611,222800000.0
4612,70900000.0
4613,337600000.0
4614,275700000.0
4615,75143.0
4616,203300000.0
4617,16399999.999999998
4618,3500000.0
4619,59424.0
4620,288900000.0
4621,64700000.0
4622,80400000.0
4623,1064454.0
4624,359200000.0
4625,22100000.0
4626,12897.0
4627,51279.0
4628,297381.0
4629,29500000.0
4630,44000000.0
4631,498800000.0
4632,101300000.0
4633,24000000.0
4634,5565.0
4635,103000000.0
4636,13809.0
4637,68900000.0
4638,196700000.0
4639,1112592.0
4640,709000000.0
4641,8100000.0
4642,2000000.0
4643,170000.0
4644,270700000.0
4645,7078.0
4646,529000000.0
4647,39200000.0
4648,531986.0
4649,128000000.0
4650,427418.0
4651,87200000.0
4652,370500000.0
4653,307200000.0
4654,52909.0
4655,331300000.0
4656,55708.0
4657,621500000.0
4658,3300000.0
4659,2420000.0
4660,67600000.0
4661,70200000.0
4662,14400000.0
4663,82780.0
4664,112800000.0
4665,45300000.0
4666,100300000.0
4667,57300000.0
4668,710600000.0
4669,937000.0
4670,86800000.0
4671,852399.0
4672,1600000.0
4673,147000000.0
4674,111900000.0
4675,126100000.0
4676,5500000.0
4677,25312387.0
4678,30312.0
4679,244800000.0
4680,51000000.0
4681,36200000.0
4682,33400000.0
4683,89500000.0
4684,161700000.0
4685,86100000.0
4686,493300000.0
4687,138200000.0
4688,214700000.0
4689,67000000.0
4690,274717.0
4691,583264.0
4692,78900000.0
4693,2200000.0
4694,2000000.0
4695,39400000.0
4696,41900000.0
4697,2900000.0
4698,851690.0
4699,3336053.0
4700,57800000.0
4701,24343.0
4702,54300000.0
4703,2700000.0
4704,62100000.0
4705,348300000.0
4706,5800000.0
4707,41300000.0
4708,1900000.0
4709,109300000.0
4710,192300000.0
4711,1000000.0
4712,4500000.0
4713,257600000.00000003
4714,369300000.0
4715,3200000.0
4716,27400000.0
4717,17500000.0
4718,100700000.0
4719,217100000.0
4720,84400000.0
4721,49000000.0
4722,894964.0
4723,103200000.0
4724,99800000.0
4725,60581.0
4726,5400000.0
4727,211800000.0
4728,200126.0
4729,50300000.0
4730,2400000.0
4731,103600000.0
4732,701800000.0
4733,7000000.0
4734,14600000.0
4735,169800000.0
4736,19200000.0
4737,2800000.0
4738,107700000.0
4739,373000000.0
4740,6673.0
4741,52500000.0
4742,268200000.0
4743,14700000.0
4744,26100000.0
4745,133800000.0
4746,363200000.0
4747,29300000.0
4748,12300000.0
4749,213100000.0
4750,163400000.0
4751,2068000000.0
4752,1670000000.0
4753,1403000000.0
4754,858000000.0
4755,1516000000.0
4756,1159000000.0
4757,658300000.0
4758,630200000.0
4759,543000000.0
4760,880700000.0
4761,48900000.0
4762,326400000.0
4763,37285.0
4764,19700000.0
4765,282800000.0
4766,3600000.0
4767,79800000.0
4768,1700000.0
4769,52400000.0
4770,400000.0
4771,47300000.0
4772,32251.0
4773,13600000.0
4774,21700000.0
4775,11000000.0
4776,33200000.000000004
4777,6700000.0
4778,183900000.0
4779,25500000.0
4780,114200000.0
4781,325200000.0
4782,444196.0
4783,139936.0
4784,569700000.0
4785,414400000.0
4786,145427.0
4787,43700000.0
4788,13100000.0
4789,45700000.0
4790,158800000.0
4791,38400000.0
4792,4000000.0
4793,102100000.0
4794,113169.0
4795,86000000.0
4796,14400000.0
4797,1200000.0
4798,23300000.0
4799,71600000.0
4800,10800000.0
4801,297300000.0
4802,14400000.0
4803,24200000.0
4804,111800000.0
4805,386000000.0
4806,5000000.0
4807,21100000.0
4808,61600000.0
4809,36900000.0
4810,63000000.0
4811,615500.0
4812,111000.0
4813,588.0
4814,281865.0
4815,13000000.0
4816,17100000.0
4817,107600000.0
4818,5300000.0
4819,64099999.99999999
4820,108808.0
4821,478595.0
4822,10970.0
4823,17700000.0
4824,65700000.0
4825,30200000.0
4826,774780.0
4827,1663165.0
4828,375400000.0
4829,287500000.0
4830,95400000.0
4831,209000000.0
4832,26300000.0
4833,235700000.0
4834,113000000.0
4835,216700000.0
4836,440600000.0
4837,519300000.0
4838,140800000.0
4839,244900000.0
4840,13500000.0
4841,682700000.0
4842,59000000.0
4843,41300000.0
4844,201600000.0
4845,108500000.0
4846,6000000.0
4847,54400000.0
4848,82300000.0
4849,98500000.0
4850,99800000.0
4851,203400000.0
4852,84900000.0
4853,422746.0
4854,34400000.0
4855,165500000.0
4856,36300000.0
4857,74700000.0
4858,98300000.0
4859,246200000.0
4860,42800000.0
4861,173600000.0
4862,332200000.0
4863,34200000.0
4864,93900000.0
4865,133400000.0
4866,48600000.0
4867,242800000.0
4868,101100000.0
4869,133700000.0
4870,155800000.0
4871,533000000.0
4872,1056000000.0
4873,1029000000.0
4874,1153000000.0
4875,875500000.0
4876,966600000.0
4877,782600000.0
4878,1024000000.0
4879,873600000.0
4880,746800000.0
4881,634200000.0
4882,37600000.0
4883,26799.0
4884,30844.0
4885,124600000.0
4886,69400000.0
4887,30500000.0
4888,2100000.0
4889,105200000.0
4890,109900000.0
4891,64200000.0
4892,521200000.00000006
4893,52100000.0
4894,22200000.0
4895,3800000.0
4896,63600000.0
4897,16399999.999999998
4898,23400000.0
4899,56700000.0
4900,112300000.0
4901,46400000.0
4902,40400000.0
4903,25100000.0
4904,150700000.0
4905,25900000.0
4906,46200000.0
4907,205900000.0
4908,24900000.0
4909,14300000.0
4910,110200000.0
4911,7300000.0
4912,10400000.0
4913,14700000.0
4914,74000000.0
4915,179200000.0
4916,615816.0
4917,6700000.0
4918,90600000.0
4919,1800000.0
4920,5400000.0
4921,24500000.0
4922,9100000.0
4923,5100000.0
4924,78800000.0
4925,16800000.0
4926,4200000.0
4927,354835.0
4928,55000000.0
4929,38800000.0
4930,3800000.0
4931,165000000.0
4932,11800000.0
4933,1800000.0
4934,20600000.0
4935,48400000.0
4936,14400000.0
4937,93300000.0
4938,10900000.0
4939,21400000.0
4940,352300000.0
4941,108800000.0
4942,62800000.0
4943,543900000.0
4944,299500000.0
4945,245600000.0
4946,208300000.0
4947,9700000.0
4948,320400000.0
4949,439000000.0
4950,334900000.0
4951,217000000.0
4952,389700000.0
4953,119100000.0
4954,25000000.0
4955,3400000.0
4956,356700000.0
4957,195200000.0
4958,118600000.0
4959,77100000.0
4960,20700000.0
4961,229100000.0
4962,343500000.0
4963,408600000.0
4964,148900000.0
4965,415500000.0
4966,183900000.0
4967,85300000.0
4968,57800000.0
4969,143700000.0
4970,140700000.0
4971,56000000.0
4972,94100000.0
4973,77500000.0
4974,86200000.0
4975,125700000.0
4976,157800000.0
4977,5000000.0
4978,26000000.0
4979,8800000.0
4980,240800000.0
4981,30700000.0
4982,39500000.0
4983,5700000.0
4984,212000000.0
4985,37300000.0
4986,45200000.0
4987,2600000.0
4988,162400000.0
4989,183400000.0
4990,296500000.0
4991,121800000.0
4992,10400000.0
4993,29700000.0
4994,173200000.0
4995,16800000.0
4996,23000000.0
4997,155200000.0
4998,23600000.0
4999,6300000.0
5000,162100000.0
5001,29900000.0
5002,81700000.0
5003,74800000.0
5004,2100000.0
5005,1700000.0
5006,220000000.0
5007,677700000.0
5008,346900000.0
5009,246218.0
5010,814000000.0
5011,690800000.0
5012,448900000.0
5013,1056000000.0
5014,24100000.0
5015,52200000.0
5016,47300000.0
5017,1333000000.0
5018,1264000000.0
5019,822300000.0
5020,962200000.0
5021,863800000.0
5022,880200000.0
5023,701800000.0
5024,854000000.0
5025,1035000000.0
5026,657900000.0
5027,81100000.0
5028,41037.0
5029,64500000.0
5030,29900000.0
5031,32900000.0
5032,278500000.0
5033,346100000.0
5034,2300000.0
5035,517197.0
5036,6763.0
5037,205700000.0
5038,312200000.0
5039,83100000.0
5040,16079999.999999998
5041,7700000.0
5042,35300.0
5043,312000000.0
5044,381000000.0
5045,171500000.0
5046,334900000.0
5047,26600000.0
5048,41100000.0
5049,55486.0
5050,10626.0
5051,255400000.0
5052,24100000.0
5053,4800000.0
5054,4080000.0
5055,619000000.0
5056,96900000.0
5057,18900000.0
5058,5000000.0
5059,2982004.0
5060,61406.0
5061,566700000.0
5062,11100000.0
5063,96162.0
5064,142300000.0
5065,100500000.0
5066,26800000.0
5067,653951.0
5068,169800000.0
5069,528000000.0
5070,26200000.0
5071,38348.0
5072,17600000.0
5073,197100000.0
5074,84900000.0
5075,4500000.0
5076,43000000.0
5077,674238.0
5078,1236000000.0
5079,891925.0
5080,19300000.0
5081,68883.0
5082,24197.0
5083,25100000.0
5084,17800000.0
5085,12400000.0
5086,40700000.0
5087,62600000.0
5088,4000000.0
5089,2200000.0
5090,680351.0
5091,148700000.0
5092,60800000.0
5093,6300000.0
5094,4500000.0
5095,8900000.0
5096,240900000.0
5097,40100000.0
5098,61600000.0
5099,874187.0
5100,177900000.0
5101,794900000.0
5102,476720.0
5103,125400000.0
5104,254536.0
5105,410000000.0
5106,20000000.0
5107,9200000.0
5108,14500000.0
5109,7400000.0
5110,383900000.0
5111,47300000.0
5112,55700000.0
5113,62600000.0
5114,4600000.0
5115,605400000.0
5116,27400000.0
5117,56400000.0
5118,226900000.0
5119,2000000.0
5120,34200000.0
5121,1600000.0
5122,218179.0
5123,4600000.0
5124,2000000.0
5125,490700000.0
5126,23500000.0
5127,526900000.0
5128,140900000.0
5129,347343.0
5130,100000000.0
5131,217800000.0
5132,5400000.0
5133,26000000.0
5134,532669.0
5135,2000000.0
5136,113200000.0
5137,34800000.0
5138,1200000.0
5139,45000000.0
5140,306500000.0
5141,22100000.0
5142,68700000.0
5143,4100000.0
5144,3300000.0
5145,2100000.0
5146,176600000.0
5147,48500000.0
5148,1500000.0
5149,5900000.0
5150,486623.0
5151,4000000.0
5152,9200000.0
5153,37300000.0
5154,200229.0
5155,41200000.0
5156,67200000.0
5157,44500000.0
5158,3800000.0
5159,410900000.0
5160,123100000.0
5161,8500000.0
5162,18600000.0
5163,43682.0
5164,68300000.0
5165,134900000.0
5166,45200000.0
5167,1800000.0
5168,260500000.0
5169,62800000.0
5170,61300000.0
5171,11300000.0
5172,64453.0
5173,125500000.0
5174,10100000.0
5175,4900000.0
5176,7200000.0
5177,1900000.0
5178,221600000.0
5179,26300000.0
5180,48300000.0
5181,6400000.0
5182,958650.0
5183,3300000.0
5184,7000000.0
5185,10000000.0
5186,12800000.0
5187,103000000.0
5188,580346.0
5189,678150.0
5190,7700000.0
5191,130600000.0
5192,1900000.0
5193,80000000.0
5194,352800000.0
5195,180600000.0
5196,2500000.0
5197,160200000.0
5198,62800000.0
5199,306100000.0
5200,13000000.0
5201,807800000.0
5202,150800000.0
5203,8100000.0
5204,41900000.0
5205,29800000.0
5206,195300000.0
5207,15900000.0
5208,53900000.0
5209,7600000.0
5210,296100000.0
5211,992181.0
5212,435000000.0
5213,185400000.0
5214,55000000.0
5215,25600000.0
5216,179800000.0
5217,35700000.0
5218,57000000.0
5219,59300000.0
5220,47800000.0
5221,1348000000.0
5222,2048000000.0
5223,1243000000.0
5224,1310000000.0
5225,1148000000.0
5226,785800000.0
5227,511800000.0
5228,791100000.0
5229,622700000.0
5230,905200000.0
5231,167900000.0
5232,119900000.0
5233,21800000.0
5234,386790.0
5235,40099.0
5236,42200000.0
5237,71100000.0
5238,80500000.0
5239,16399999.999999998
5240,288200000.0
5241,1600000.0
5242,404356.0
5243,44000000.0
5244,3700000.0
5245,351300000.0
5246,372000000.0
5247,57100000.0
5248,26400000.0
5249,41888.0
5250,54600000.0
5251,4800000.0
5252,4900000.0
5253,117700000.0
5254,43100000.0
5255,10400000.0
5256,323776.0
5257,151600000.0
5258,49600000.0
5259,133400000.0
5260,11000000.0
5261,3000000.0
5262,24600000.0
5263,19300000.0
5264,32100000.0
5265,32500000.0
5266,274700000.0
5267,66300000.0
5268,86000000.0
5269,9600000.0
5270,328188.0
5271,290900000.0
5272,64200000.0
5273,90400000.0
5274,14300000.0
5275,25500000.0
5276,1700000.0
5277,27400000.0
5278,582900000.0
5279,46400000.0
5280,7400000.0
5281,200340.0
5282,14410.0
5283,341000000.0
5284,94000000.0
5285,10900000.0
5286,18000000.0
5287,2500000.0
5288,10200000.0
5289,7500000.0
5290,428000000.0
5291,95300000.0
5292,4200000.0
5293,4900000.0
5294,94500000.0
5295,31600000.0
5296,9500000.0
5297,6900000.0
5298,7900000.0
5299,825305.0
5300,91200000.0
5301,15600000.0
5302,4600000.0
5303,4167608.0
5304,65900000.00000001
5305,51400000.0
5306,1500000.0
5307,843970.0
5308,2692079.0
5309,104400000.0
5310,4000000.0
5311,8600000.0
5312,39200000.0
5313,393200000.0
5314,382053.0
5315,235449.0
5316,5100000.0
5317,59900000.0
5318,17000000.0
5319,3500000.0
5320,297700000.0
5321,22800000.0
5322,80200000.0
5323,13300000.0
5324,20800000.0
5325,78100000.0
5326,3000000.0
5327,6100000.0
5328,703438.0
5329,322448.0
5330,32406.0
5331,75800000.0
5332,7700000.0
5333,46700000.0
5334,80912.0
5335,137100000.0
5336,18300000.0
5337,4700000.0
5338,528600000.0
5339,304900000.0
5340,14300000.0
5341,4200000.0
5342,182415.0
5343,395000000.0
5344,190400000.0
5345,5000000.0
5346,16399999.999999998
5347,52100000.0
5348,262963.0
5349,246133.0
5350,2300000.0
5351,197700000.0
5352,41100000.0
5353,75300000.0
5354,1400000.0
5355,61271.0
5356,7600000.0
5357,530200000.00000006
5358,93400000.0
5359,51700000.0
5360,310035.0
5361,238500000.0
5362,99600000.0
5363,66300000.0
5364,20000000.0
5365,2700000.0
5366,4508260.0
5367,2160000.0
5368,27500000.0
5369,75500000.0
5370,10000000.0
5371,8500000.0
5372,17600000.0
5373,10300000.0
5374,1800000.0
5375,1700000.0
5376,365600000.0
5377,53900000.0
5378,160500000.0
5379,26000000.0
5380,97600000.0
5381,11600000.0
5382,642157.0
5383,6200000.0
5384,131500000.0
5385,8000000.0
5386,13100000.0
5387,2900000.0
5388,14600000.0
5389,6700000.0
5390,616849.0
5391,27500000.0
5392,214000000.0
5393,103100000.0
5394,17900000.0
5395,18200000.0
5396,856100000.0
5397,436200000.0
5398,34900000.0
5399,2200000.0
5400,105700000.0
5401,31900000.0
5402,93300000.0
5403,16600000.000000002
5404,401463.0
5405,3700000.0
5406,255600000.0
5407,12400000.0
5408,9300000.0
5409,3800000.0
5410,260136.0
5411,31700000.0
5412,159000000.0
5413,7700000.0
5414,3600000.0
5415,11257.0
5416,174000000.0
5417,33500000.0
5418,11900000.0
5419,3800000.0
5420,100116.0
5421,3200000.0
5422,35200000.0
5423,41700000.0
5424,19996.0
5425,654900000.0
5426,76000000.0
5427,120600000.0
5428,529300000.0
5429,214100000.0
5430,321800000.0
5431,86500000.0
5432,5100000.0
5433,96000000.0
5434,43000000.0
5435,670430.0
5436,68600000.0
5437,46700000.0
5438,12600000.0
5439,375500000.0
5440,83700000.0
5441,174800000.0
5442,20600000.0
5443,349500000.0
5444,468000000.0
5445,13000000.0
5446,72300000.0
5447,20500000.0
5448,41900000.0
5449,76100000.0
5450,38800000.0
5451,5600000.0
5452,2798000000.0
5453,1657000000.0
5454,1074000000.0
5455,1450000000.0
5456,1073000000.0
5457,1128000000.0
5458,1132000000.0
5459,1051000000.0
5460,1074000000.0
5461,800100000.0
5462,155700000.0
5463,80700000.0
5464,125900000.0
5465,9300000.0
5466,247000000.0
5467,60040.0
5468,32100000.0
5469,14400000.0
5470,15400000.0
5471,149211.0
5472,192300000.0
5473,72200000.0
5474,76300000.0
5475,21100000.0
5476,48800000.0
5477,64599999.99999999
5478,405000000.0
5479,521800000.0
5480,41500000.0
5481,18600000.0
5482,1600000.0
5483,119600000.0
5484,8800000.0
5485,946027.0
5486,9200000.0
5487,91500000.0
5488,255200000.0
5489,21100000.0
5490,660132.0
5491,353300000.0
5492,4600000.0
5493,21300000.0
5494,366000000.0
5495,113100000.0
5496,10200000.0
5497,1900000.0
5498,28252.0
5499,2300000.0
5500,55000000.0
5501,49000000.0
5502,26200000.0
5503,69700000.0
5504,260481.0
5505,50400000.0
5506,7700000.0
5507,123100000.0
5508,2053469.0
5509,76916.0
5510,5123.0
5511,25383.0
5512,53900000.0
5513,40600000.0
5514,32500000.0
5515,9800000.0
5516,433000000.0
5517,97400000.0
5518,9000000.0
5519,16500000.0
5520,6200000.0
5521,326700000.0
5522,75800000.0
5523,6800000.0
5524,3600000.0
5525,1700000.0
5526,354103.0
5527,32900000.0
5528,24900000.0
5529,386600000.0
5530,195200000.0
5531,61100000.0
5532,252400000.0
5533,434000000.0
5534,22400000.0
5535,4600000.0
5536,253900000.0
5537,21400000.0
5538,15300000.0
5539,23443.0
5540,67343.0
5541,31600000.0
5542,45000000.0
5543,231300000.0
5544,153200000.0
5545,242115.0
5546,97092.0
5547,1700000.0
5548,48000000.0
5549,32400000.0
5550,91500000.0
5551,22500000.0
5552,374300000.0
5553,759900000.0
5554,171216.0
5555,1400000.0
5556,119700000.0
5557,16000000.0
5558,33800000.0
5559,106000000.0
5560,23300000.0
5561,2700000.0
5562,930836.0
5563,154000000.0
5564,111200000.0
5565,18100000.0
5566,10400000.0
5567,46700000.0
5568,57600000.0
5569,146700000.0
5570,7400000.0
5571,38000000.0
5572,25373.0
5573,10100000.0
5574,5300000.0
5575,3153.0
5576,473100000.0
5577,9900000.0
5578,157600000.0
5579,20171.0
5580,1300000.0
5581,1700000.0
5582,135400000.0
5583,194300000.0
5584,91400000.0
5585,189700000.0
5586,46000000.0
5587,325950.0
5588,14938.0
5589,173500000.0
5590,204000000.0
5591,9300000.0
5592,491700000.0
5593,122800000.0
5594,90300000.0
5595,18300000.0
5596,22700000.0
5597,12300000.0
5598,48000000.0
5599,415772.0
5600,261100000.00000003
5601,18500000.0
5602,8000000.0
5603,43300000.0
5604,9900000.0
5605,2300000.0
5606,72300000.0
5607,121600000.0
5608,69400000.0
5609,125600000.0
5610,3400000.0
5611,225500000.0
5612,73300000.0
5613,33900000.0
5614,517788.0
5615,2500000.0
5616,68300000.0
5617,49900000.0
5618,23100000.0
5619,311400000.0
5620,47900000.0
5621,758711.0
5622,16300000.0
5623,3800000.0
5624,43700000.0
5625,18500000.0
5626,61400000.0
5627,50000000.0
5628,675808.0
5629,4600000.0
5630,75500000.0
5631,171600000.0
5632,218800000.0
5633,384900000.0
5634,50400000.0
5635,364952.0
